ticker,GICS_SECTOR_NAME,ANTI-BRIBERY_ETHICS_POLICY,EMPLOYEE_CSR_TRAINING,EMP_PROT_WHISTLE_BLOWER_POLICY,ETHICS_POLICY,HEALTH_SAFETY_POLICY,HUMAN_RIGHTS_POLICY,MODERN_SLAVERY_STATEMENT,POLICY_AGAINST_CHILD_LABOR,PCT_EMPLOYEES_UNIONIZED
AAL UW Equity,Industrials,1,0,1,1,1,1,1,1,85.0
AAME UQ Equity,Financials,1,0,1,1,1,0,0,0,
AAOI UQ Equity,Information Technology,0,0,1,1,0,0,0,0,
AAON UW Equity,Industrials,0,0,1,1,1,0,0,0,0.0
AAPL UW Equity,Information Technology,1,0,1,1,1,1,1,1,
AATC UR Equity,Information Technology,1,0,1,1,1,0,0,0,0.0
AAWW UW Equity,Industrials,1,0,1,1,1,0,0,0,61.29999923706055
ABCB UW Equity,Financials,1,0,1,1,1,0,0,0,
ABCL UW Equity,Health Care,0,0,0,0,0,0,0,0,
ABCM UW Equity,Health Care,1,0,1,1,1,1,1,1,
ABEO UR Equity,Health Care,1,0,1,1,1,0,0,0,
ABMD UW Equity,Health Care,1,1,1,1,1,0,0,1,0.0
ABNB UW Equity,Consumer,0,0,0,0,0,0,0,0,
ABST UW Equity,Information Technology,1,0,1,1,1,1,0,1,0.0
ABTX UQ Equity,Financials,1,0,1,1,1,0,0,0,0.0
ACAD UW Equity,Health Care,1,0,0,1,0,0,0,0,
ACB UW Equity,Health Care,1,0,1,1,1,0,0,0,
ACBI UW Equity,Financials,1,0,1,1,1,1,0,0,0.0
ACER UR Equity,Health Care,0,0,0,0,0,0,0,0,
ACET UQ Equity,Health Care,1,0,1,1,0,0,0,0,0.0
ACGL UW Equity,Financials,1,0,1,1,1,1,0,1,
ACHC UW Equity,Health Care,1,0,1,1,1,0,0,0,
ACHV UR Equity,Health Care,0,0,1,1,0,0,0,0,0.0
ACIW UW Equity,Information Technology,1,0,1,1,1,1,1,0,
ACLS UW Equity,Information Technology,1,0,1,1,1,1,0,1,
ACNB UR Equity,Financials,1,0,1,1,0,0,0,0,0.0
ACOR UW Equity,Health Care,1,0,1,1,1,0,0,0,
ACRS UW Equity,Health Care,1,0,1,1,0,0,0,0,0.0
ACRX UQ Equity,Health Care,1,0,1,1,0,0,0,0,0.0
ACTG UW Equity,Industrials,1,0,1,1,0,0,0,0,0.0
ADAP UW Equity,Health Care,0,0,1,1,1,0,0,0,0.0
ADBE UW Equity,Information Technology,0,0,0,0,0,0,0,0,
ADES UQ Equity,Utilities,0,0,1,1,0,0,0,0,
ADI UW Equity,Information Technology,1,0,1,1,1,1,1,1,1.2000000476837158
ADMA UQ Equity,Health Care,1,0,1,1,0,0,0,0,
ADMP UR Equity,Health Care,0,0,0,1,0,0,0,0,0.0
ADP UW Equity,Information Technology,1,0,1,1,1,1,1,0,
ADPT UW Equity,Health Care,1,0,1,1,1,0,0,0,0.0
ADSK UW Equity,Information Technology,1,0,1,1,1,1,1,1,0.0
ADTN UW Equity,Information Technology,1,0,1,1,1,1,0,1,
ADUS UW Equity,Health Care,1,0,1,1,0,0,0,0,47.29999923706055
ADVM UQ Equity,Health Care,1,0,1,1,1,0,0,0,0.0
AEHL UR Equity,Industrials,0,0,0,0,0,0,0,0,
AEHR UR Equity,Information Technology,0,0,0,0,0,0,0,0,
AEIS UW Equity,Information Technology,1,0,1,1,1,1,1,1,0.0
AEP UW Equity,Utilities,1,0,1,1,1,0,0,0,23.799999237060547
AERI UQ Equity,Health Care,1,0,1,1,1,0,0,0,0.0
AEY UR Equity,Information Technology,0,0,0,0,0,0,0,0,
AFIN UW Equity,Financials,1,0,1,1,1,0,0,0,
AFMD UQ Equity,Health Care,1,0,1,1,1,0,0,0,0.0
AFRM UW Equity,Information Technology,0,0,0,0,0,0,0,0,
AFYA UW Equity,Consumer,1,0,1,1,1,1,0,1,100.0
AGEN UR Equity,Health Care,1,0,0,1,1,0,0,0,0.0
AGFS UW Equity,Utilities,1,0,1,1,1,1,0,1,
AGIO UW Equity,Health Care,1,0,1,1,1,1,0,0,0.0
AGLE UQ Equity,Health Care,0,0,1,1,1,0,0,0,0.0
AGNC UW Equity,Financials,0,0,0,0,0,0,0,0,
AGRX UR Equity,Health Care,1,0,1,1,1,0,0,0,0.0
AGTC UQ Equity,Health Care,1,0,1,1,0,0,0,0,0.0
AGYS UW Equity,Information Technology,1,0,1,1,1,0,0,0,
AIMC UW Equity,Industrials,1,0,1,1,1,0,0,0,
AIRG UR Equity,Information Technology,1,0,1,1,0,0,0,0,0.0
AIRT UQ Equity,Industrials,0,0,0,0,0,0,0,0,
AKAM UW Equity,Information Technology,1,0,1,1,1,1,1,1,0.0
AKBA UQ Equity,Health Care,1,0,1,1,1,0,0,0,0.0
AKTS UR Equity,Information Technology,0,0,1,1,0,0,0,0,
ALBO UR Equity,Health Care,1,0,1,1,1,0,0,0,
ALCO UW Equity,Consumer,0,0,1,1,1,0,0,0,0.0
ALDX UR Equity,Health Care,0,0,0,0,0,0,0,0,
ALEC UW Equity,Health Care,1,0,1,1,1,0,0,0,0.0
ALGM UW Equity,Information Technology,0,0,0,0,0,0,0,0,
ALGN UW Equity,Health Care,1,0,1,1,1,1,0,1,
ALGT UW Equity,Industrials,1,0,1,1,1,0,0,0,60.29999923706055
ALIM UQ Equity,Health Care,1,0,1,1,1,0,0,0,
ALJJ UQ Equity,Information Technology,1,0,1,1,0,0,0,0,0.0
ALKS UW Equity,Health Care,1,0,1,1,1,1,0,1,0.0
ALLK UW Equity,Health Care,1,0,1,1,1,0,0,0,0.0
ALLO UW Equity,Health Care,1,0,1,1,0,0,0,1,0.0
ALNY UW Equity,Health Care,1,0,1,1,1,1,0,0,0.0
ALOT UQ Equity,Information Technology,1,0,1,1,0,0,0,0,0.0
ALRM UW Equity,Information Technology,1,0,1,1,0,0,0,0,0.0
ALRS UR Equity,Financials,1,0,1,1,0,0,0,0,
ALT UQ Equity,Health Care,1,0,1,1,1,0,0,0,0.0
ALTM UQ Equity,Utilities,1,0,0,1,1,1,0,0,
ALTO UR Equity,Utilities,1,0,1,1,1,1,0,1,51.0
ALTR UW Equity,Information Technology,1,0,1,1,1,1,0,1,
ALVR UW Equity,Health Care,0,0,0,0,0,0,0,0,
AMAL UQ Equity,Financials,1,1,1,1,1,1,0,1,28.0
AMAT UW Equity,Information Technology,1,1,1,1,1,1,1,1,
AMBA UW Equity,Information Technology,1,0,1,1,1,0,0,0,42.0
AMCX UW Equity,Communication Services,0,0,1,1,0,0,0,0,
AMD UW Equity,Information Technology,1,0,1,1,1,1,1,1,14.0
AMED UW Equity,Health Care,1,0,1,1,1,0,0,0,
AMEH UR Equity,Health Care,1,0,1,1,1,0,0,0,0.0
AMGN UW Equity,Health Care,1,0,1,1,1,1,1,1,
AMKR UW Equity,Information Technology,1,0,1,1,1,0,0,0,
AMNB UW Equity,Financials,1,0,1,1,0,0,0,0,
AMOT UQ Equity,Industrials,0,0,1,1,1,1,0,1,
AMPH UW Equity,Health Care,1,0,1,1,0,0,0,0,0.0
AMRN UQ Equity,Health Care,0,0,1,1,0,1,0,0,
AMRS UW Equity,Utilities,1,0,1,1,1,1,1,1,0.0
AMSC UW Equity,Industrials,1,0,1,1,1,0,0,0,0.0
AMSF UW Equity,Financials,1,0,1,1,1,0,0,0,0.0
AMSWA UW Equity,Information Technology,1,0,1,1,0,1,0,0,0.0
AMTB UW Equity,Financials,1,0,1,1,0,0,0,0,
AMTX UQ Equity,Utilities,1,0,1,1,0,0,0,0,0.0
AMWD UW Equity,Industrials,1,0,1,1,1,0,0,0,0.2300000041723251
AMZN UW Equity,Consumer,1,0,1,1,1,1,1,1,
ANAB UW Equity,Health Care,1,0,1,1,0,0,0,0,0.0
ANAT UW Equity,Financials,1,0,1,1,0,0,0,0,21.729999542236328
ANDE UW Equity,Consumer,0,0,0,0,0,0,0,0,
ANGI UW Equity,Communication Services,0,0,1,1,0,0,0,0,
ANGO UW Equity,Health Care,1,0,1,1,0,0,0,0,0.0
ANIK UW Equity,Health Care,0,0,1,1,0,0,0,0,
ANIP UQ Equity,Health Care,0,0,1,1,1,0,0,0,
ANSS UW Equity,Information Technology,1,0,1,1,1,1,1,1,18.200000762939453
ANTE UR Equity,Communication Services,0,0,0,0,0,0,0,0,
AOSL UW Equity,Information Technology,1,0,1,1,1,1,0,1,0.0
APA UW Equity,Utilities,1,1,1,1,1,1,1,1,
APDN UR Equity,Health Care,1,0,1,1,0,0,0,0,
APEI UW Equity,Consumer,1,0,1,1,0,1,0,1,0.0
APEN UQ Equity,Health Care,1,0,1,1,1,0,0,0,0.0
APLS UW Equity,Health Care,1,0,1,1,0,0,0,1,0.0
APLT UQ Equity,Health Care,1,0,1,1,0,0,0,0,0.0
APOG UW Equity,Industrials,1,0,1,1,1,0,0,0,9.18000030517578
APPF UQ Equity,Information Technology,1,0,1,1,1,0,0,0,0.0
APPN UQ Equity,Information Technology,1,0,1,1,0,0,0,0,0.0
APPS UR Equity,Information Technology,0,0,1,1,0,0,0,0,
APTO UR Equity,Health Care,0,0,0,0,0,0,0,0,
APVO UR Equity,Health Care,1,0,1,1,1,0,0,0,0.0
APWC UR Equity,Industrials,1,0,1,1,1,0,0,0,
APYX UW Equity,Health Care,1,0,1,1,1,0,0,0,0.0
AQB UR Equity,Health Care,0,0,0,0,0,0,0,0,
AQMS UR Equity,Industrials,1,0,1,1,1,0,0,0,0.0
ARAV UW Equity,Health Care,1,0,1,1,0,0,0,0,0.0
ARAY UW Equity,Health Care,0,0,0,1,0,1,0,0,0.0
ARCB UW Equity,Industrials,1,0,1,1,1,1,0,1,82.0
ARDX UQ Equity,Health Care,1,0,1,1,1,0,0,0,
ARGX UW Equity,Health Care,0,0,0,0,0,0,0,0,
ARKR UQ Equity,Consumer,1,0,1,1,0,0,0,0,0.0
ARLP UW Equity,Utilities,0,0,0,0,0,0,0,0,
ARNA UW Equity,Health Care,1,0,1,1,1,1,0,0,
AROW UW Equity,Financials,1,0,1,1,0,0,0,0,
ARRY UQ Equity,Industrials,0,0,0,0,0,0,0,0,
ARTL UR Equity,Health Care,0,0,0,0,0,0,0,0,
ARTNA UW Equity,Utilities,0,0,0,0,0,0,0,0,
ARTW UR Equity,Industrials,0,0,0,0,0,0,0,0,
ARVN UW Equity,Health Care,1,0,1,1,1,0,0,0,0.0
ARWR UW Equity,Health Care,0,0,1,1,0,0,0,0,
ASMB UW Equity,Health Care,1,0,1,1,0,0,0,0,
ASML UW Equity,Information Technology,1,0,1,1,1,1,0,1,52.0
ASND UW Equity,Health Care,1,0,1,1,1,1,0,0,
ASO UW Equity,Consumer,0,0,0,0,0,0,0,0,
ASPS UW Equity,Financials,0,0,0,1,0,0,0,0,
ASRT UR Equity,Health Care,1,0,1,1,1,0,0,0,0.0
ASRV UQ Equity,Financials,1,0,1,1,0,0,0,0,
ASTC UR Equity,Industrials,0,0,0,0,0,0,0,0,
ASTE UW Equity,Industrials,1,0,1,1,1,1,0,0,
ASUR UR Equity,Information Technology,0,0,0,0,0,0,0,0,
ASYS UW Equity,Information Technology,1,0,1,1,1,0,0,0,6.079999923706055
ATEC UW Equity,Health Care,1,0,1,1,1,1,0,1,0.0
ATEX UR Equity,Communication Services,1,0,1,1,0,0,0,0,
ATHE UR Equity,Health Care,1,0,1,1,1,0,0,0,
ATHX UR Equity,Health Care,1,0,1,1,1,0,0,0,0.0
ATLC UW Equity,Financials,0,0,1,1,1,0,0,0,0.0
ATLO UR Equity,Financials,0,0,0,1,0,0,0,0,0.0
ATNI UW Equity,Communication Services,1,0,1,1,0,1,0,0,20.0
ATNX UW Equity,Health Care,1,0,1,1,1,0,0,1,0.0
ATRA UW Equity,Health Care,1,0,1,1,1,1,0,1,0.0
ATRC UQ Equity,Health Care,1,0,1,1,1,0,1,0,0.0
ATRI UW Equity,Health Care,0,0,0,1,0,0,0,0,
ATRO UW Equity,Industrials,1,0,1,1,1,0,0,0,
ATRS UR Equity,Health Care,1,0,1,1,0,0,0,0,0.0
ATSG UW Equity,Industrials,0,0,1,1,1,0,0,0,
ATVI UW Equity,Communication Services,1,0,1,1,1,1,1,1,
AUB UW Equity,Financials,1,0,1,1,0,0,0,0,0.0
AUBN UQ Equity,Financials,1,0,1,1,0,0,0,0,
AUTL UW Equity,Health Care,0,0,1,1,0,0,0,0,0.0
AUTO UR Equity,Communication Services,0,0,1,1,0,0,0,0,
AVAV UW Equity,Industrials,1,1,1,1,1,0,1,0,
AVCO UR Equity,Health Care,1,0,1,1,0,0,0,0,0.0
AVDL UQ Equity,Health Care,1,0,1,1,1,1,0,0,0.0
AVEO UR Equity,Health Care,1,0,1,1,0,0,0,0,0.0
AVGO UW Equity,Information Technology,1,1,1,1,1,1,1,1,
AVGR UR Equity,Health Care,1,0,0,1,1,0,0,0,0.0
AVID UW Equity,Information Technology,1,0,1,1,0,0,0,0,
AVNW UW Equity,Information Technology,0,0,0,0,0,0,0,0,
AVRO UW Equity,Health Care,1,0,1,1,0,0,0,0,0.0
AVT UW Equity,Information Technology,1,0,1,1,1,1,1,1,
AVTX UR Equity,Health Care,1,0,1,1,0,0,0,0,0.0
AVXL UW Equity,Health Care,1,0,0,1,1,0,0,0,
AWH UR Equity,Health Care,0,0,0,0,0,0,0,0,
AWRE UQ Equity,Information Technology,1,0,1,1,0,0,0,0,0.0
AXDX UR Equity,Health Care,1,0,1,1,1,0,0,0,0.0
AXGN UR Equity,Health Care,1,0,1,1,1,0,0,0,0.0
AXNX UW Equity,Health Care,1,0,1,1,0,0,0,0,0.0
AXON UW Equity,Industrials,1,0,1,1,1,1,1,0,0.0
AXSM UQ Equity,Health Care,1,0,1,1,1,0,0,0,0.0
AXTI UW Equity,Information Technology,1,0,1,1,0,0,0,0,
AY UW Equity,Utilities,0,0,0,0,0,0,0,0,
AZN UW Equity,Health Care,1,0,1,1,1,1,1,1,
AZPN UW Equity,Information Technology,1,0,1,1,1,0,0,0,0.0
AZTA UW Equity,Information Technology,1,0,1,1,1,1,0,1,
BAND UW Equity,Communication Services,1,0,1,1,1,0,0,0,0.0
BANF UW Equity,Financials,1,0,1,1,0,0,0,0,0.0
BANR UW Equity,Financials,1,0,1,1,1,0,0,0,0.0
BATRA UW Equity,Communication Services,1,0,1,1,0,0,0,0,
BATRK UW Equity,Communication Services,1,0,1,1,0,0,0,0,
BBBY UW Equity,Consumer,1,0,1,1,1,0,0,1,
BBCP UR Equity,Industrials,1,0,1,1,0,0,0,0,
BBGI UQ Equity,Communication Services,1,0,1,1,1,0,0,0,
BBI UR Equity,Health Care,1,0,1,1,0,0,0,0,0.0
BBIO UW Equity,Health Care,1,0,1,1,1,0,0,1,0.0
BBQ UW Equity,Consumer,1,0,1,1,1,0,0,0,0.0
BBSI UW Equity,Industrials,1,0,1,1,0,0,0,0,
BCAB UQ Equity,Health Care,0,0,0,0,0,0,0,0,
BCBP UQ Equity,Financials,0,0,0,1,0,0,0,0,0.0
BCEL UW Equity,Health Care,1,0,1,1,0,0,0,0,0.0
BCML UW Equity,Financials,0,0,1,1,0,0,0,0,0.0
BCOR UW Equity,Financials,1,0,1,1,0,0,0,0,
BCOV UW Equity,Information Technology,1,0,1,1,1,0,0,0,0.0
BCPC UW Equity,Utilities,1,0,1,1,1,0,1,0,18.0
BCRX UW Equity,Health Care,1,0,1,1,1,0,0,0,0.0
BDSI UW Equity,Health Care,1,0,0,1,0,0,0,0,0.0
BEAT UR Equity,Health Care,0,0,0,0,0,0,0,0,
BECN UW Equity,Industrials,1,0,1,1,1,1,0,1,5.329999923706055
BELFA UW Equity,Information Technology,1,0,1,1,1,0,0,0,
BELFB UW Equity,Information Technology,1,0,1,1,1,0,0,0,
BFIN UW Equity,Financials,0,0,0,1,0,0,0,0,0.0
BFRA UR Equity,Health Care,0,0,0,0,0,0,0,0,
BFST UW Equity,Financials,1,0,1,1,0,0,0,0,0.0
BGCP UW Equity,Financials,1,0,1,1,0,1,1,0,
BGFV UW Equity,Consumer,1,0,1,1,1,0,0,0,
BGNE UW Equity,Health Care,1,1,1,1,1,1,0,1,0.0
BHF UW Equity,Financials,1,0,1,1,1,0,0,0,
BIDU UW Equity,Communication Services,1,0,1,1,1,1,0,1,0.0
BIGC UQ Equity,Information Technology,0,0,0,0,0,0,0,0,
BIIB UW Equity,Health Care,1,0,1,1,1,1,1,1,
BIMI UR Equity,Health Care,1,0,1,1,1,0,0,0,
BIOL UR Equity,Health Care,1,0,1,1,0,1,0,1,0.0
BJRI UW Equity,Consumer,1,0,1,1,1,0,0,0,0.0
BKNG UW Equity,Consumer,1,0,1,1,1,1,0,1,
BKR UW Equity,Utilities,1,1,1,1,1,1,1,1,25.0
BKSC UR Equity,Financials,1,0,1,1,0,0,0,0,0.0
BL UW Equity,Information Technology,1,0,1,1,0,0,0,0,
BLBD UQ Equity,Industrials,1,0,1,1,1,0,0,0,0.0
BLCM UR Equity,Health Care,1,0,1,1,1,0,0,0,0.0
BLDE UR Equity,Industrials,0,0,0,0,0,0,0,0,
BLDP UQ Equity,Industrials,1,0,1,1,1,0,0,1,0.0
BLFS UR Equity,Health Care,1,0,1,1,1,0,0,0,0.0
BLI UW Equity,Health Care,0,0,0,0,0,0,0,0,
BLIN UR Equity,Information Technology,0,0,0,0,0,0,0,0,
BLKB UW Equity,Information Technology,0,0,1,1,1,0,0,0,0.0
BLMN UW Equity,Consumer,1,0,1,1,0,0,0,0,
BLNK UR Equity,Industrials,0,0,0,0,0,0,0,0,
BLUE UW Equity,Health Care,1,1,1,1,1,0,0,0,0.0
BMRC UR Equity,Financials,1,0,1,1,1,0,0,0,0.0
BMRN UW Equity,Health Care,1,0,1,1,1,1,1,1,
BNFT UQ Equity,Information Technology,1,0,1,1,0,0,0,0,0.0
BNOX UQ Equity,Health Care,1,0,1,1,1,0,0,0,
BNTX UW Equity,Health Care,1,0,1,1,1,1,0,1,0.0
BOKF UW Equity,Financials,1,0,1,1,0,0,0,0,0.0
BOMN UR Equity,Communication Services,1,0,1,1,0,0,0,0,0.0
BOOM UW Equity,Utilities,1,0,1,1,1,1,0,1,0.0
BPMC UW Equity,Health Care,1,0,1,1,1,0,0,0,0.0
BPOP UW Equity,Financials,1,0,1,1,1,0,0,0,0.0
BPRN UW Equity,Financials,1,0,1,1,0,0,0,0,
BPTH UR Equity,Health Care,1,0,1,1,0,0,0,0,
BRCN UR Equity,Utilities,0,0,0,0,0,0,0,0,
BRID UQ Equity,Consumer,0,0,1,1,1,1,0,1,35.0
BRKL UW Equity,Financials,1,0,1,1,0,0,0,0,0.0
BRKR UW Equity,Health Care,0,0,0,0,0,0,0,0,
BRY UW Equity,Utilities,1,0,1,1,1,1,0,1,0.0
BSET UW Equity,Consumer,1,0,1,1,1,0,0,1,
BSGM UR Equity,Health Care,1,0,1,1,0,0,0,0,0.0
BSQR UR Equity,Information Technology,1,0,1,1,1,0,0,0,
BSRR UW Equity,Financials,0,0,1,1,0,0,0,0,
BSVN UW Equity,Financials,1,0,1,1,1,0,0,0,
BSY UW Equity,Information Technology,0,0,0,0,0,0,0,0,
BTAI UR Equity,Health Care,1,0,1,1,1,0,0,0,
BUSE UW Equity,Financials,0,0,0,1,0,0,0,0,
BVS UW Equity,Health Care,0,0,0,0,0,0,0,0,0.0
BVXV UR Equity,Health Care,0,0,0,0,0,0,0,0,
BWB UR Equity,Financials,1,0,1,1,0,0,0,0,0.0
BWEN UR Equity,Industrials,1,0,1,1,0,0,0,0,14.0
BWFG UQ Equity,Financials,1,0,1,1,0,0,0,0,0.0
BXRX UR Equity,Health Care,1,0,1,1,1,0,0,0,0.0
BYFC UR Equity,Financials,0,0,0,0,0,0,0,0,
BYND UW Equity,Consumer,1,0,1,1,0,0,0,0,0.0
BYSI UR Equity,Health Care,1,0,1,1,0,0,0,0,0.0
BZUN UW Equity,Consumer,0,0,1,1,1,0,0,0,
CAAS UR Equity,Consumer,1,0,1,1,1,0,0,0,
CABA UW Equity,Health Care,1,0,1,1,0,0,0,0,0.0
CAC UW Equity,Financials,0,0,1,1,1,0,0,0,
CACC UW Equity,Financials,0,0,1,1,0,0,0,0,0.0
CAKE UW Equity,Consumer,1,0,1,1,1,0,0,1,
CALA UW Equity,Health Care,1,0,1,1,0,0,0,0,0.0
CALM UW Equity,Consumer,0,0,1,1,0,0,0,0,0.0
CAMP UW Equity,Information Technology,1,0,1,1,1,0,0,0,0.0
CAR UW Equity,Industrials,1,0,1,1,1,1,1,1,21.0
CARA UQ Equity,Health Care,1,0,1,1,0,0,0,0,0.0
CARG UW Equity,Communication Services,1,0,1,1,1,0,0,0,0.0
CASA UW Equity,Information Technology,1,0,1,1,0,0,0,0,0.0
CASH UW Equity,Financials,0,0,0,0,0,0,0,0,
CASI UR Equity,Health Care,1,0,1,1,0,0,0,0,0.0
CASS UW Equity,Information Technology,0,0,0,0,0,0,0,0,
CASY UW Equity,Consumer,1,1,1,1,1,1,0,0,0.0
CATC UR Equity,Financials,0,0,0,0,0,0,0,0,
CATY UW Equity,Financials,0,0,0,1,1,1,0,0,0.0
CBAN UQ Equity,Financials,0,0,1,1,0,0,0,0,0.0
CBAT UR Equity,Industrials,0,0,1,1,0,0,0,0,0.0
CBAY UW Equity,Health Care,1,0,1,1,0,0,0,0,
CBFV UQ Equity,Financials,1,0,1,1,0,0,0,0,0.0
CBIO UR Equity,Health Care,0,0,0,0,0,0,0,0,
CBNK UW Equity,Financials,1,0,1,1,0,0,0,0,0.0
CBRL UW Equity,Consumer,1,0,1,1,1,0,0,0,0.0
CBSH UW Equity,Financials,0,0,0,0,0,0,0,0,
CBTX UW Equity,Financials,1,0,1,1,0,0,0,0,
CCB UW Equity,Financials,0,0,0,1,1,0,0,0,0.0
CCBG UW Equity,Financials,0,0,0,1,0,0,0,0,0.0
CCCC UW Equity,Health Care,0,0,0,0,0,0,0,0,
CCEL UR Equity,Health Care,0,0,1,1,1,0,0,0,0.0
CCEP UW Equity,Consumer,1,1,1,1,1,1,1,1,84.9000015258789
CCLP UW Equity,Utilities,0,0,0,0,0,0,0,0,
CCMP UW Equity,Information Technology,1,0,1,1,1,1,0,1,0.0
CCNE UW Equity,Financials,1,0,0,1,0,0,0,0,
CCOI UW Equity,Communication Services,1,0,1,1,1,1,0,0,2.7699999809265137
CCRN UW Equity,Health Care,1,0,1,1,1,1,0,1,0.0
CCXI UW Equity,Health Care,1,1,1,1,1,0,0,0,0.0
CDEV UR Equity,Utilities,1,1,1,1,1,0,0,0,0.0
CDK UW Equity,Information Technology,1,0,1,1,1,1,1,1,0.0
CDLX UQ Equity,Communication Services,1,0,1,1,0,0,1,0,0.0
CDMO UR Equity,Health Care,1,0,1,1,0,0,0,0,0.0
CDNA UQ Equity,Health Care,1,0,1,1,1,0,0,0,0.0
CDNS UW Equity,Information Technology,1,0,1,1,1,1,1,0,
CDTX UQ Equity,Health Care,1,0,1,1,0,1,0,0,0.0
CDW UW Equity,Information Technology,1,1,1,1,1,1,1,0,0.0
CDXC UR Equity,Health Care,1,0,1,1,0,0,0,0,0.0
CDXS UW Equity,Health Care,1,0,1,1,1,0,0,0,0.0
CDZI UQ Equity,Utilities,0,0,1,1,1,0,0,0,
CECE UW Equity,Industrials,1,0,1,1,1,0,0,0,20.540000915527344
CELC UR Equity,Health Care,0,0,0,0,1,0,0,0,0.0
CELH UR Equity,Consumer,0,0,0,1,0,0,0,0,
CEMI UR Equity,Health Care,1,0,1,1,1,0,0,0,0.0
CENT UW Equity,Consumer,1,0,1,1,1,0,0,0,0.0
CENTA UW Equity,Consumer,1,0,1,1,1,0,0,0,0.0
CENX UW Equity,Utilities,1,0,1,1,1,1,0,1,67.0
CERE UR Equity,Health Care,0,0,0,0,0,0,0,0,
CERN UW Equity,Health Care,1,0,1,1,1,1,1,1,
CERS UQ Equity,Health Care,1,0,1,1,1,0,0,0,
CERT UW Equity,Health Care,0,0,0,0,0,0,0,0,
CETX UR Equity,Information Technology,0,0,0,0,0,0,0,0,
CEVA UW Equity,Information Technology,1,0,1,1,0,0,0,0,0.0
CFFI UW Equity,Financials,0,0,0,0,0,0,0,0,
CFFN UW Equity,Financials,1,0,1,1,0,0,0,0,0.0
CFMS UR Equity,Health Care,1,0,1,1,0,0,0,0,0.0
CG UW Equity,Financials,1,0,1,1,1,1,0,0,0.0
CGC UW Equity,Health Care,1,0,1,1,1,1,0,0,
CGEN UQ Equity,Health Care,0,0,0,0,0,0,0,0,
CGNT UW Equity,Information Technology,0,0,0,0,0,0,0,0,
CGNX UW Equity,Information Technology,0,0,0,0,0,0,0,0,
CGRN UR Equity,Industrials,1,0,1,1,0,0,0,0,0.0
CHCI UR Equity,Financials,1,0,1,1,1,0,0,0,0.0
CHCO UW Equity,Financials,0,0,0,0,0,0,0,0,
CHDN UW Equity,Consumer,0,0,0,0,0,0,0,0,
CHEF UW Equity,Consumer,1,0,1,1,1,1,0,1,7.0
CHK UW Equity,Utilities,1,0,1,1,1,1,0,0,
CHKP UW Equity,Information Technology,1,0,1,1,0,0,0,0,
CHMG UW Equity,Financials,1,0,1,1,1,0,0,0,
CHNG UW Equity,Health Care,0,0,0,0,0,0,0,0,
CHNR UR Equity,Utilities,1,0,1,1,1,0,0,0,
CHRS UQ Equity,Health Care,1,0,1,1,1,0,0,0,
CHRW UW Equity,Industrials,1,0,1,1,1,1,0,1,
CHTR UW Equity,Communication Services,1,0,1,1,1,0,0,0,
CHUY UW Equity,Consumer,1,0,1,1,1,0,0,0,0.0
CHX UW Equity,Utilities,1,0,1,1,1,0,0,1,
CIDM UQ Equity,Communication Services,1,0,1,1,0,0,0,0,
CIGI UW Equity,Financials,0,0,0,0,0,0,0,0,
CINF UW Equity,Financials,0,0,0,0,0,0,0,0,
CIVB UR Equity,Financials,1,0,1,1,1,0,0,0,0.0
CIZN UQ Equity,Financials,0,0,1,1,0,0,0,0,0.0
CJJD UR Equity,Consumer,0,0,0,0,0,0,0,0,
CKPT UR Equity,Health Care,1,0,1,1,0,0,0,0,0.0
CLAR UW Equity,Consumer,0,0,1,1,1,0,0,0,
CLBK UW Equity,Financials,1,0,1,1,1,0,0,0,0.0
CLBS UR Equity,Health Care,1,0,1,1,0,0,0,0,0.0
CLDX UR Equity,Health Care,0,0,1,1,0,0,0,0,
CLFD UQ Equity,Information Technology,0,0,0,0,0,0,0,0,
CLNE UW Equity,Utilities,1,0,1,1,1,1,0,0,0.0
CLRB UR Equity,Health Care,1,0,1,1,1,0,0,0,
CLRO UR Equity,Information Technology,1,0,0,1,1,0,0,0,0.0
CLSD UQ Equity,Health Care,1,0,1,1,0,0,0,0,0.0
CLSN UR Equity,Health Care,1,0,1,1,1,0,0,0,0.0
CLVS UW Equity,Health Care,1,0,1,1,1,0,0,0,0.0
CLXT UQ Equity,Health Care,1,0,1,1,1,0,0,0,0.0
CMBM UQ Equity,Information Technology,1,0,1,1,1,1,1,0,
CMCO UW Equity,Industrials,1,1,1,1,1,1,0,1,50.0
CMCSA UW Equity,Communication Services,1,0,1,1,1,1,1,1,
CMCT UQ Equity,Financials,0,0,1,1,0,0,0,0,
CME UW Equity,Financials,1,0,1,1,1,1,1,1,
CMLS UQ Equity,Communication Services,1,0,1,1,1,0,0,0,3.319999933242798
CMPR UW Equity,Industrials,1,0,1,1,1,1,1,1,
CMRX UQ Equity,Health Care,1,0,1,1,0,0,0,0,0.0
CMTL UW Equity,Information Technology,1,0,1,1,1,0,0,0,
CNCE UQ Equity,Health Care,1,0,1,1,0,0,0,0,0.0
CNDT UW Equity,Information Technology,1,0,1,1,1,1,1,0,
CNET UR Equity,Communication Services,0,0,1,1,0,0,0,0,
CNOB UW Equity,Financials,1,0,1,1,1,0,0,0,0.0
CNSL UW Equity,Communication Services,1,0,1,1,1,1,0,1,50.0
CNTY UR Equity,Consumer,1,0,1,1,1,0,0,0,12.279999732971191
CNXC UW Equity,Information Technology,0,0,0,0,0,0,0,0,
CNXN UW Equity,Information Technology,1,0,1,1,0,0,0,0,0.0
CODA UR Equity,Information Technology,0,0,1,1,1,0,0,0,
COFS UR Equity,Financials,0,0,1,1,0,0,0,0,0.0
COHR UW Equity,Information Technology,1,0,1,1,1,1,1,1,
COHU UW Equity,Information Technology,1,0,0,1,1,0,0,1,19.0
COKE UW Equity,Consumer,1,0,1,1,1,0,1,0,14.0
COLB UW Equity,Financials,0,0,0,1,0,0,0,0,0.0
COLL UW Equity,Health Care,1,0,1,1,1,0,0,0,0.0
COLM UW Equity,Consumer,1,0,1,1,1,1,1,1,
COMM UW Equity,Information Technology,1,0,1,1,1,1,1,1,22.0
CONE UW Equity,Financials,1,0,1,1,1,0,0,0,0.0
CONN UW Equity,Consumer,1,0,1,1,1,0,0,0,0.0
COOP UR Equity,Financials,1,0,1,1,1,0,0,0,
CORT UR Equity,Health Care,1,0,0,1,1,0,0,0,0.0
COST UW Equity,Consumer,0,0,0,0,0,0,0,0,
COUP UW Equity,Information Technology,1,0,1,1,1,1,1,1,
COWN UW Equity,Financials,1,0,1,1,1,1,0,1,0.0
CPHC UQ Equity,Consumer,0,0,0,0,0,0,0,0,
CPIX UW Equity,Health Care,1,0,1,1,1,0,0,0,
CPRT UW Equity,Industrials,1,0,1,1,1,0,1,0,
CPRX UR Equity,Health Care,1,0,1,1,1,0,0,0,0.0
CPSH UR Equity,Information Technology,0,0,0,1,1,0,0,0,0.0
CPSI UW Equity,Health Care,1,0,1,1,1,0,0,0,0.0
CPSS UQ Equity,Financials,0,0,0,0,0,0,0,0,0.0
CRAI UW Equity,Industrials,1,0,1,1,1,0,0,0,
CRBP UQ Equity,Health Care,1,0,1,1,0,0,0,0,
CRDF UR Equity,Health Care,1,0,1,1,1,0,0,0,0.0
CRDL UR Equity,Health Care,1,0,1,1,1,1,0,0,
CREG UR Equity,Industrials,1,0,1,1,1,0,0,0,0.0
CRESY UW Equity,Financials,0,0,0,0,0,0,0,0,
CREX UR Equity,Communication Services,0,0,0,0,0,0,0,0,
CRIS UQ Equity,Health Care,1,0,1,1,0,0,0,0,0.0
CRMD UQ Equity,Health Care,0,0,1,1,0,0,0,0,
CRMT UW Equity,Consumer,0,0,1,1,1,0,0,0,0.0
CRNC UW Equity,Information Technology,0,0,0,0,0,0,0,0,
CRON UQ Equity,Health Care,1,0,1,1,1,1,0,0,0.0
CROX UW Equity,Consumer,1,0,1,1,1,1,1,1,
CRSP UQ Equity,Health Care,1,0,1,1,0,0,0,0,0.0
CRTO UW Equity,Communication Services,1,1,1,1,1,1,1,0,38.77999877929688
CRTX UW Equity,Health Care,1,0,1,1,0,0,0,0,0.0
CRUS UW Equity,Information Technology,1,0,1,1,1,1,1,1,0.0
CRVL UW Equity,Health Care,1,0,1,1,1,0,0,0,0.0
CRVS UQ Equity,Health Care,1,0,1,1,0,0,0,0,
CRWD UW Equity,Information Technology,0,0,0,0,0,0,0,0,
CRWS UR Equity,Consumer,0,0,0,0,0,0,0,0,
CSCO UW Equity,Information Technology,1,0,1,1,1,1,1,1,
CSCW UR Equity,Information Technology,0,0,0,0,0,0,0,0,
CSGP UW Equity,Industrials,1,0,1,1,0,0,1,0,0.0
CSGS UW Equity,Information Technology,1,0,1,1,1,1,1,1,
CSII UW Equity,Health Care,1,0,1,1,1,1,0,0,0.0
CSIQ UW Equity,Information Technology,1,0,1,1,1,1,1,1,
CSTE UW Equity,Industrials,1,0,1,1,1,0,0,0,0.0
CSTL UQ Equity,Health Care,1,0,1,1,0,0,0,0,0.0
CSTR UW Equity,Financials,1,0,1,1,1,0,0,0,0.0
CSWC UW Equity,Financials,1,0,1,1,1,0,0,0,
CSWI UW Equity,Industrials,1,0,1,1,1,1,0,1,
CSX UW Equity,Industrials,1,0,1,1,1,1,0,0,81.5
CTAS UW Equity,Industrials,1,1,1,1,1,1,1,1,2.400000095367432
CTBI UW Equity,Financials,1,0,1,1,0,0,0,0,
CTG UW Equity,Information Technology,1,0,1,1,1,0,0,0,0.0
CTHR UR Equity,Consumer,1,0,1,1,1,0,0,0,0.0
CTIC UR Equity,Health Care,0,0,0,1,0,0,0,0,0.0
CTLP UW Equity,Information Technology,1,0,1,1,0,0,0,0,0.0
CTMX UW Equity,Health Care,1,0,1,1,0,0,0,0,0.0
CTRE UW Equity,Financials,0,0,1,1,1,1,0,1,0.0
CTRN UW Equity,Consumer,1,0,1,1,1,0,0,0,0.0
CTSH UW Equity,Information Technology,1,0,1,1,1,1,1,1,0.0
CTSO UR Equity,Health Care,1,0,1,1,1,0,0,0,0.0
CTXS UW Equity,Information Technology,1,0,1,1,1,0,0,1,
CUE UR Equity,Health Care,1,0,1,1,1,0,0,0,0.0
CUTR UW Equity,Health Care,1,0,1,1,1,1,0,0,0.0
CVBF UW Equity,Financials,0,0,0,1,1,1,0,1,
CVCO UW Equity,Consumer,1,0,1,1,1,0,0,0,
CVCY UR Equity,Financials,0,0,1,1,1,0,0,0,0.0
CVET UW Equity,Health Care,1,0,1,1,1,0,1,1,
CVGI UW Equity,Industrials,1,0,1,1,1,1,0,1,
CVGW UW Equity,Consumer,1,0,1,1,1,1,0,1,
CVLG UW Equity,Industrials,1,0,1,1,1,1,0,0,0.0
CVLT UW Equity,Information Technology,1,1,1,1,1,0,0,0,
CVLY UQ Equity,Financials,1,0,1,1,0,0,0,0,0.0
CVT UQ Equity,Information Technology,0,0,0,0,0,0,0,0,
CVV UR Equity,Information Technology,1,0,1,1,1,0,0,0,0.0
CWCO UW Equity,Utilities,1,0,1,1,1,0,0,1,0.0
CWST UW Equity,Industrials,1,0,1,1,1,1,0,1,6.0
CXDO UR Equity,Information Technology,1,0,1,1,0,0,0,0,
CYAN UR Equity,Consumer,1,0,1,1,0,0,0,0,0.0
CYBE UQ Equity,Information Technology,1,0,1,1,1,0,0,0,0.0
CYBR UW Equity,Information Technology,0,0,0,0,0,0,0,0,
CYCC UR Equity,Health Care,1,0,1,1,1,0,0,0,
CYCN UW Equity,Health Care,1,0,1,1,1,0,0,0,0.0
CYN UR Equity,Information Technology,0,0,0,0,0,0,0,0,
CYRX UR Equity,Health Care,1,0,1,1,1,0,0,0,
CYT UW Equity,Health Care,0,0,0,0,0,0,0,0,
CYTH UR Equity,Health Care,0,0,0,0,0,0,0,0,
CYTK UW Equity,Health Care,1,0,1,1,1,0,0,0,
CZNC UR Equity,Financials,0,0,0,0,0,0,0,0,
CZR UW Equity,Consumer,1,0,1,1,1,0,0,0,31.350000381469727
CZWI UQ Equity,Financials,1,0,1,1,0,0,0,0,0.0
DAIO UR Equity,Information Technology,0,0,0,0,0,0,0,0,
DAKT UW Equity,Information Technology,1,0,1,1,1,0,0,0,0.0
DALN UR Equity,Communication Services,0,0,0,0,0,0,0,0,
DBX UW Equity,Information Technology,1,0,1,1,1,0,0,0,0.0
DCOM UW Equity,Financials,1,0,1,1,0,0,0,0,
DCPH UW Equity,Health Care,1,0,1,1,1,0,0,0,
DCT UW Equity,Information Technology,0,0,0,0,0,0,0,0,
DCTH UR Equity,Health Care,1,0,1,1,1,0,0,0,0.0
DDOG UW Equity,Information Technology,0,0,0,0,0,0,0,0,
DENN UR Equity,Consumer,1,0,1,1,1,1,1,0,0.0
DFFN UR Equity,Health Care,1,0,1,1,1,0,0,0,0.0
DGICA UW Equity,Financials,1,0,1,1,0,0,0,0,
DGICB UW Equity,Financials,1,0,1,1,0,0,0,0,
DGII UW Equity,Information Technology,0,0,0,0,0,0,0,0,
DHC UW Equity,Financials,1,0,1,1,1,0,0,0,
DHIL UW Equity,Financials,1,0,0,1,0,0,0,0,
DIOD UW Equity,Information Technology,1,0,1,1,1,1,0,1,0.0
DISCA UW Equity,Communication Services,1,0,1,1,1,1,1,0,
DISCB UW Equity,Communication Services,1,0,1,1,1,1,1,0,
DISCK UW Equity,Communication Services,1,0,1,1,1,1,1,0,
DISH UW Equity,Communication Services,0,0,0,0,0,0,0,0,
DJCO UR Equity,Communication Services,1,0,0,1,0,0,0,0,0.0
DKNG UW Equity,Consumer,0,0,0,0,0,0,0,0,
DLHC UR Equity,Industrials,0,0,0,0,0,0,0,0,
DLTH UW Equity,Consumer,1,0,1,1,1,0,0,0,0.0
DLTR UW Equity,Consumer,1,0,1,1,1,1,1,1,
DMRC UW Equity,Information Technology,1,0,1,1,1,0,0,0,0.0
DNLI UW Equity,Health Care,1,0,1,1,1,0,0,0,0.0
DOCU UW Equity,Information Technology,1,0,1,1,0,1,1,1,0.0
DOMO UQ Equity,Information Technology,1,0,1,1,0,0,0,0,0.0
DOOO UW Equity,Consumer,1,0,1,1,1,0,1,1,29.440000534057617
DORM UW Equity,Consumer,0,0,0,1,1,1,0,1,0.0
DOX UW Equity,Information Technology,1,0,1,1,1,1,0,1,
DRIO UR Equity,Health Care,0,0,0,0,0,0,0,0,
DRRX UR Equity,Health Care,1,0,1,1,0,0,0,0,0.0
DRVN UW Equity,Industrials,0,0,0,0,0,0,0,0,
DSGX UW Equity,Information Technology,1,0,1,1,1,1,0,0,
DSKE UR Equity,Industrials,1,0,1,1,1,0,0,0,0.0
DTIL UW Equity,Health Care,1,0,1,1,1,0,0,0,0.0
DVAX UR Equity,Health Care,1,0,1,1,1,0,0,0,0.0
DWSN UW Equity,Utilities,1,0,1,1,0,0,0,0,0.0
DXCM UW Equity,Health Care,1,0,1,1,1,0,0,0,0.0
DXLG UQ Equity,Consumer,1,0,1,1,0,1,0,1,0.0
DXPE UW Equity,Industrials,1,0,1,1,1,0,0,0,
DXYN UQ Equity,Consumer,1,0,1,1,1,0,0,0,
DYN UW Equity,Health Care,0,0,0,0,0,0,0,0,
DZSI UR Equity,Information Technology,0,0,1,1,0,0,0,0,
EA UW Equity,Communication Services,1,1,1,1,1,1,0,1,
EAST UR Equity,Consumer,0,0,0,0,0,0,0,0,
EBAY UW Equity,Consumer,1,0,1,1,1,1,1,1,
EBC UW Equity,Financials,0,0,0,1,0,0,0,0,
EBIX UW Equity,Information Technology,1,0,1,1,1,0,0,0,0.0
EBMT UQ Equity,Financials,1,0,1,1,0,0,0,0,0.0
EBTC UW Equity,Financials,1,0,1,1,1,0,0,0,0.0
ECOL UW Equity,Industrials,1,0,1,1,1,0,0,0,13.890000343322754
ECOR UW Equity,Health Care,1,0,1,1,1,0,0,0,0.0
ECPG UW Equity,Financials,1,0,1,1,1,0,0,0,
EDIT UW Equity,Health Care,1,0,1,1,0,0,0,0,0.0
EEFT UW Equity,Information Technology,1,0,1,1,1,0,1,0,0.0
EFSC UW Equity,Financials,1,0,1,1,1,1,0,1,
EGAN UR Equity,Information Technology,1,0,1,1,0,1,0,1,0.0
EGBN UR Equity,Financials,1,0,1,1,1,0,0,0,0.0
EGLE UW Equity,Industrials,1,0,1,1,1,0,0,0,
EGRX UQ Equity,Health Care,1,0,1,1,0,0,0,0,0.0
EHTH UW Equity,Financials,1,0,1,1,1,0,0,0,0.0
EIGR UQ Equity,Health Care,1,0,1,1,1,0,0,0,0.0
ELDN UR Equity,Health Care,1,0,1,1,0,0,0,0,0.0
EMCF UR Equity,Financials,1,0,1,1,0,0,0,0,0.0
EMKR UQ Equity,Information Technology,0,0,0,0,0,0,0,0,
EML UQ Equity,Industrials,0,0,1,1,0,0,0,0,
ENDP UW Equity,Health Care,1,0,1,1,1,1,0,1,0.0
ENG UR Equity,Utilities,1,0,1,1,1,0,0,0,0.0
ENPH UQ Equity,Information Technology,1,1,1,1,1,0,0,0,0.0
ENSG UW Equity,Health Care,1,0,1,1,1,0,0,0,
ENTA UW Equity,Health Care,1,0,1,1,0,0,0,0,0.0
ENTG UW Equity,Information Technology,1,0,1,1,1,1,0,0,0.0
EPAY UW Equity,Information Technology,1,0,1,1,0,1,0,0,0.0
EPZM UW Equity,Health Care,1,0,1,1,0,0,0,0,
EQ UQ Equity,Health Care,0,0,0,0,0,0,0,0,
EQBK UW Equity,Financials,1,0,1,1,1,0,0,0,0.0
EQIX UW Equity,Financials,1,0,1,1,1,1,1,1,
ERIC UW Equity,Information Technology,0,0,0,0,0,0,0,0,
ERIE UW Equity,Financials,1,0,1,1,1,0,0,0,
ERII UW Equity,Industrials,1,0,1,1,1,0,0,0,0.0
ESCA UQ Equity,Consumer,0,0,1,1,1,0,0,0,3.9800000190734863
ESGR UW Equity,Financials,1,0,1,1,1,0,1,0,
ESLT UW Equity,Industrials,1,0,1,1,1,1,0,1,37.0
ESPR UQ Equity,Health Care,1,0,1,1,1,0,0,0,0.0
ESQ UR Equity,Financials,0,0,0,0,1,0,0,0,0.0
ESSA UW Equity,Financials,1,0,0,1,1,0,0,0,0.0
ETSY UW Equity,Consumer,1,0,1,1,0,1,0,1,0.0
EVBG UQ Equity,Information Technology,0,0,1,1,1,0,0,0,0.0
EVER UQ Equity,Communication Services,1,0,1,1,0,0,0,0,
EVFM UR Equity,Health Care,1,0,1,1,0,0,0,0,
EVGN UQ Equity,Health Care,1,0,1,1,1,0,0,0,0.0
EVLO UW Equity,Health Care,1,0,1,1,1,0,0,0,0.0
EVO UW Equity,Health Care,1,0,1,1,1,1,0,0,58.0
EVOL UR Equity,Information Technology,1,0,1,1,1,0,0,0,
EVOP UQ Equity,Information Technology,1,0,1,1,1,0,0,0,0.0
EWBC UW Equity,Financials,1,0,1,1,1,0,0,0,0.0
EXAS UR Equity,Health Care,1,0,1,1,1,0,0,0,0.0
EXC UW Equity,Utilities,0,0,0,0,0,0,0,0,
EXEL UW Equity,Health Care,1,0,1,1,1,0,0,1,0.0
EXLS UW Equity,Information Technology,1,0,1,1,1,1,0,0,0.0
EXPD UW Equity,Industrials,1,0,1,1,1,0,1,1,
EXPE UW Equity,Consumer,0,0,1,1,1,1,1,1,
EXPI UQ Equity,Financials,0,0,1,1,1,0,0,0,0.0
EXPO UW Equity,Industrials,0,0,1,1,0,0,0,0,
EXTR UW Equity,Information Technology,1,0,1,1,0,0,0,0,0.0
EYE UW Equity,Consumer,0,0,1,1,1,1,0,1,0.0
EYES UR Equity,Health Care,0,0,1,1,0,0,0,0,0.0
EYPT UQ Equity,Health Care,1,0,1,1,1,0,0,0,0.0
EZPW UW Equity,Financials,1,0,1,1,1,0,0,0,
FANG UW Equity,Utilities,0,1,1,1,1,1,0,1,0.0
FARM UW Equity,Consumer,0,0,0,0,0,0,0,0,
FARO UW Equity,Information Technology,1,0,1,1,1,1,0,1,0.0
FAST UW Equity,Industrials,1,0,1,1,1,0,0,1,0.0
FATE UQ Equity,Health Care,1,0,1,1,0,0,0,0,0.0
FB UW Equity,Communication Services,1,0,1,1,1,1,1,0,
FBIO UR Equity,Health Care,0,0,1,1,0,0,0,0,
FBIZ UW Equity,Financials,1,0,1,1,0,0,0,0,0.0
FBMS UQ Equity,Financials,1,0,1,1,0,0,0,0,
FBNC UW Equity,Financials,0,0,0,1,0,0,0,0,0.0
FBRX UR Equity,Health Care,0,0,0,0,0,0,0,0,
FCAP UR Equity,Financials,1,0,1,1,0,0,0,0,0.0
FCBC UW Equity,Financials,1,0,0,1,1,0,0,0,0.0
FCCO UR Equity,Financials,0,0,1,1,0,0,0,0,
FCEL UQ Equity,Industrials,1,0,1,1,1,0,0,0,0.0
FCFS UW Equity,Financials,1,0,1,1,1,0,0,0,0.0
FCNCA UW Equity,Financials,0,0,0,0,0,0,0,0,
FDBC UQ Equity,Financials,0,0,0,1,0,0,0,0,
FEIM UQ Equity,Information Technology,1,0,1,1,1,0,0,0,0.0
FELE UW Equity,Industrials,1,0,1,1,1,0,0,1,
FFBC UW Equity,Financials,1,0,1,1,1,0,0,0,
FFHL UR Equity,Utilities,0,0,0,0,0,0,0,0,0.0
FFIC UW Equity,Financials,1,0,1,1,0,0,0,0,0.0
FFIN UW Equity,Financials,1,0,1,1,0,0,0,0,0.0
FFIV UW Equity,Information Technology,1,0,1,1,1,0,1,0,0.0
FFNW UW Equity,Financials,1,0,1,1,0,0,0,0,0.0
FFWM UQ Equity,Financials,0,0,0,1,0,0,0,0,
FGBI UQ Equity,Financials,1,0,0,1,1,0,0,0,0.0
FGEN UW Equity,Health Care,1,0,1,1,0,0,0,0,0.0
FGF UQ Equity,Financials,0,0,0,0,0,0,0,0,
FHB UW Equity,Financials,1,0,1,1,0,0,0,0,0.0
FIBK UW Equity,Financials,1,1,1,1,1,0,0,0,0.0
FISI UW Equity,Financials,1,0,1,1,1,0,0,0,
FISV UW Equity,Information Technology,1,0,1,1,1,1,1,1,0.0
FITB UW Equity,Financials,0,0,0,0,0,0,0,0,
FIVE UW Equity,Consumer,1,0,1,1,1,0,0,0,0.0
FIVN UQ Equity,Information Technology,0,0,0,1,0,0,0,0,0.0
FIXX UW Equity,Health Care,1,0,1,1,1,0,0,0,0.0
FIZZ UW Equity,Consumer,1,0,0,1,0,0,0,0,23.739999771118164
FLDM UW Equity,Health Care,1,0,1,1,1,0,1,1,0.0
FLEX UW Equity,Information Technology,1,0,1,1,1,1,1,1,
FLGT UQ Equity,Health Care,1,0,1,1,1,0,0,0,0.0
FLIC UR Equity,Financials,0,0,0,0,0,0,0,0,
FLL UR Equity,Consumer,1,0,1,1,1,0,0,0,0.0
FLMN UR Equity,Utilities,1,0,1,1,0,0,0,0,0.0
FLNT UQ Equity,Communication Services,1,0,1,1,0,0,0,0,0.0
FLUX UR Equity,Industrials,0,0,0,0,1,0,0,0,0.0
FLWS UW Equity,Consumer,1,0,1,1,1,0,0,1,0.0
FLXS UW Equity,Consumer,1,0,1,1,1,0,0,1,1.2000000476837158
FMAO UR Equity,Financials,0,0,0,0,0,0,0,0,
FMBH UQ Equity,Financials,1,0,1,1,0,0,0,0,0.0
FMBI UW Equity,Financials,1,0,1,1,1,0,0,0,
FMNB UR Equity,Financials,1,0,1,1,1,0,0,0,
FNCB UR Equity,Financials,0,0,1,1,0,0,0,0,
FNHC UQ Equity,Financials,1,0,1,1,1,1,0,0,0.0
FNKO UW Equity,Consumer,1,0,1,1,1,0,0,0,0.0
FNLC UW Equity,Financials,1,1,1,1,1,0,0,0,
FNWB UQ Equity,Financials,1,0,1,1,1,0,0,0,0.0
FNWD UR Equity,Financials,1,0,1,1,1,0,0,0,0.0
FOCS UW Equity,Financials,1,0,1,1,1,1,0,1,
FOLD UQ Equity,Health Care,1,0,1,1,1,1,0,1,
FONR UR Equity,Health Care,1,0,1,1,1,0,0,0,
FORA UR Equity,Health Care,0,0,0,0,0,0,0,0,
FORM UW Equity,Information Technology,1,0,1,1,1,1,1,0,
FORR UW Equity,Industrials,1,0,1,1,0,0,1,0,
FOSL UW Equity,Consumer,1,0,1,1,0,1,1,1,0.0
FOX UW Equity,Communication Services,1,0,0,1,1,1,0,1,
FOXA UW Equity,Communication Services,1,0,0,1,1,1,0,1,
FOXF UW Equity,Consumer,1,0,1,1,1,1,0,1,0.0
FRAF UR Equity,Financials,0,0,0,1,0,0,0,0,
FRBA UQ Equity,Financials,1,0,0,1,0,0,0,0,0.0
FRBK UQ Equity,Financials,1,0,0,1,0,0,0,0,
FREQ UW Equity,Health Care,0,0,1,1,1,0,0,0,0.0
FRG UQ Equity,Consumer,1,0,1,1,1,0,0,0,
FRGI UW Equity,Consumer,1,0,1,1,0,0,0,0,0.0
FRHC UR Equity,Financials,0,0,0,0,0,0,0,0,
FRME UW Equity,Financials,0,0,1,1,0,0,0,0,
FROG UW Equity,Information Technology,0,0,0,0,0,0,0,0,
FRPH UW Equity,Financials,1,0,1,1,0,0,0,0,
FRPT UQ Equity,Consumer,1,0,1,1,1,0,0,0,0.0
FRST UQ Equity,Financials,1,0,1,1,0,0,0,0,
FRTA UW Equity,Utilities,1,0,1,1,0,0,0,0,33.0
FSBW UR Equity,Financials,1,0,1,1,1,0,0,0,0.0
FSFG UR Equity,Financials,0,0,0,1,0,0,0,0,0.0
FSLR UW Equity,Information Technology,1,0,1,1,1,1,0,1,0.0
FSTR UW Equity,Industrials,1,0,1,1,1,1,0,1,8.140000343322754
FSV UW Equity,Financials,0,0,1,1,0,0,0,0,
FTDR UW Equity,Consumer,1,0,1,1,1,0,0,0,0.0
FTEK UR Equity,Industrials,1,0,0,1,1,0,0,0,0.0
FTFT UR Equity,Consumer,1,0,1,1,1,0,0,0,0.0
FTNT UW Equity,Information Technology,1,0,1,1,1,1,1,1,
FULC UQ Equity,Health Care,1,0,1,1,0,0,0,0,0.0
FULT UW Equity,Financials,1,0,1,1,1,0,0,0,
FUNC UW Equity,Financials,0,0,0,1,0,0,0,0,
FUSB UR Equity,Financials,1,0,1,1,1,0,0,0,0.0
FVCB UR Equity,Financials,1,0,0,1,0,0,0,0,0.0
FVE UR Equity,Health Care,1,0,1,1,1,0,0,0,
FWONA UW Equity,Communication Services,1,0,1,1,0,0,0,0,
FWONK UW Equity,Communication Services,1,0,1,1,0,0,0,0,
FWRD UW Equity,Industrials,1,0,1,1,1,0,0,0,0.0
FXNC UR Equity,Financials,0,0,0,0,0,0,0,0,
GABC UW Equity,Financials,0,0,0,0,0,0,0,0,0.0
GAIA UQ Equity,Communication Services,0,0,1,1,0,0,0,0,0.0
GALT UR Equity,Health Care,1,0,1,1,1,0,0,0,
GAME UR Equity,Communication Services,0,0,0,0,0,0,0,0,
GASS UW Equity,Utilities,1,0,0,0,0,0,0,0,
GBNY UR Equity,Financials,0,0,0,0,0,0,0,0,
GBT UW Equity,Health Care,1,0,1,1,0,0,0,0,0.0
GCBC UR Equity,Financials,1,0,1,1,0,0,0,0,0.0
GDEN UQ Equity,Consumer,0,0,1,1,1,0,0,0,27.0
GDRX UW Equity,Health Care,0,0,0,0,0,0,0,0,
GDS UQ Equity,Information Technology,1,0,1,1,1,0,0,1,
GDYN UR Equity,Information Technology,0,0,0,0,0,0,0,0,
GEG UW Equity,Health Care,0,0,1,1,0,0,0,0,
GENC UQ Equity,Industrials,0,0,0,0,0,0,0,0,
GEOS UW Equity,Utilities,1,0,1,1,1,0,0,0,
GERN UW Equity,Health Care,0,0,1,1,0,0,0,0,0.0
GEVO UR Equity,Utilities,0,0,0,0,0,0,0,0,0.0
GGAL UR Equity,Financials,1,1,1,1,1,1,0,0,
GH UW Equity,Health Care,1,0,1,1,1,0,0,0,
GIFI UW Equity,Utilities,1,0,1,1,1,0,0,0,0.0
GIII UW Equity,Consumer,1,0,1,1,1,1,0,1,
GILD UW Equity,Health Care,1,0,1,1,1,1,1,1,0.0
GLBZ UR Equity,Financials,0,0,1,1,0,0,0,0,0.0
GLDD UW Equity,Industrials,0,0,1,1,1,1,0,1,
GLNG UW Equity,Utilities,1,0,1,1,1,1,1,1,
GLPG UW Equity,Health Care,1,0,1,1,1,1,0,1,74.0
GLPI UW Equity,Financials,1,0,1,1,1,1,0,1,23.030000686645508
GLRE UW Equity,Financials,1,0,1,1,1,0,0,0,0.0
GLYC UQ Equity,Health Care,1,0,1,1,0,0,0,0,0.0
GMAB UW Equity,Health Care,1,0,1,1,1,1,0,1,0.0
GMBL UR Equity,Consumer,0,0,0,0,0,0,0,0,
GNCA UR Equity,Health Care,1,0,1,1,0,0,0,0,0.0
GNLN UQ Equity,Consumer,1,0,1,1,1,0,0,0,0.0
GNSS UR Equity,Information Technology,1,0,1,1,0,0,0,0,0.0
GNTX UW Equity,Consumer,1,0,1,1,1,1,0,1,0.0
GNTY UW Equity,Financials,1,0,1,1,0,0,0,0,0.0
GNUS UR Equity,Consumer,0,0,0,0,0,0,0,0,
GO UW Equity,Consumer,1,0,1,1,1,0,0,0,13.31999969482422
GOCO UW Equity,Financials,0,0,0,0,0,0,0,0,
GOGL UW Equity,Industrials,1,0,1,1,1,1,0,0,
GOGO UW Equity,Communication Services,1,0,1,1,1,0,0,0,0.0
GOOD UW Equity,Financials,1,0,1,1,0,0,0,0,
GOOG UW Equity,Communication Services,1,0,1,1,1,1,1,1,
GOOGL UW Equity,Communication Services,1,0,1,1,1,1,1,1,
GOSS UW Equity,Health Care,1,0,1,1,1,0,0,0,0.0
GPRE UW Equity,Utilities,0,0,1,1,0,0,0,0,
GPRO UW Equity,Consumer,1,0,1,1,0,1,1,1,
GRFS UW Equity,Health Care,1,1,1,1,1,1,0,1,19.0
GROW UR Equity,Financials,0,0,0,0,0,0,0,0,
GRPN UW Equity,Consumer,1,0,1,1,1,1,0,1,
GRTS UW Equity,Health Care,1,0,1,1,1,0,0,0,0.0
GRTX UQ Equity,Health Care,1,0,1,1,1,0,0,0,0.0
GRUB UW Equity,Consumer,1,0,1,1,1,1,1,1,
GSBC UW Equity,Financials,1,0,1,1,0,0,0,0,0.0
GSHD UW Equity,Financials,1,0,1,1,1,0,0,0,0.0
GSIT UW Equity,Information Technology,1,0,1,1,0,0,0,0,0.0
GSKY UW Equity,Information Technology,1,0,1,1,1,0,0,0,0.0
GSM UR Equity,Utilities,1,0,1,1,1,1,0,1,
GT UW Equity,Consumer,0,0,0,0,0,0,0,0,
GTEC UR Equity,Industrials,0,0,0,0,0,0,0,0,
GTHX UW Equity,Health Care,1,0,1,1,1,0,0,0,0.0
GTIM UR Equity,Consumer,0,0,0,0,0,0,0,0,
GTX UW Equity,Consumer,0,0,0,0,0,0,0,0,
GURE UW Equity,Utilities,0,0,1,1,0,0,0,0,0.0
GVP UR Equity,Information Technology,1,0,1,1,1,0,0,0,
GWGH UR Equity,Financials,0,0,0,1,0,0,0,0,
GWRS UQ Equity,Utilities,0,0,1,1,1,0,0,0,0.0
HA UW Equity,Industrials,1,0,1,1,1,0,0,0,84.0
HAFC UW Equity,Financials,1,0,1,1,1,0,0,0,0.0
HAIN UW Equity,Consumer,1,0,1,1,1,1,0,1,
HALL UQ Equity,Financials,0,0,0,1,0,0,0,0,0.0
HALO UW Equity,Health Care,1,0,1,1,1,1,0,0,0.0
HARP UW Equity,Health Care,0,0,0,0,0,0,0,0,
HAS UW Equity,Consumer,1,0,1,1,1,1,1,1,6.150000095367432
HAYN UW Equity,Utilities,0,0,0,0,0,0,0,0,
HBAN UW Equity,Financials,0,0,0,0,0,0,0,0,
HBCP UW Equity,Financials,1,0,1,1,0,0,0,0,
HBIO UQ Equity,Health Care,1,0,1,1,0,0,0,0,
HBMD UR Equity,Financials,1,0,1,1,1,0,0,0,0.0
HBNC UW Equity,Financials,1,0,1,1,0,0,0,0,
HBP UR Equity,Industrials,1,0,1,1,0,0,0,1,12.0
HBT UW Equity,Financials,1,0,1,1,0,0,0,0,0.0
HCAT UW Equity,Health Care,1,0,1,1,0,0,0,0,0.0
HCCI UW Equity,Industrials,1,0,1,1,0,0,0,0,0.0
HCKT UW Equity,Information Technology,1,0,1,1,1,1,1,1,0.0
HCM UW Equity,Health Care,1,0,1,1,1,0,0,0,0.0
HCSG UW Equity,Industrials,1,0,1,1,1,1,0,1,
HCTI UR Equity,Health Care,0,0,0,0,0,0,0,0,
HDSN UR Equity,Industrials,0,0,0,1,1,0,0,0,0.0
HEAR UQ Equity,Information Technology,1,0,1,1,1,0,0,0,0.0
HEES UW Equity,Industrials,1,0,1,1,1,0,0,0,3.190000057220459
HELE UW Equity,Consumer,1,0,1,1,1,1,0,1,
HEXO UR Equity,Health Care,1,0,1,1,1,0,0,0,
HFBL UR Equity,Financials,1,0,1,1,1,0,0,0,0.0
HFFG UR Equity,Consumer,1,0,1,1,1,0,0,0,0.0
HFWA UW Equity,Financials,1,0,0,1,1,0,0,0,0.0
HGEN UR Equity,Health Care,1,0,1,1,1,0,0,0,0.0
HGSH UR Equity,Financials,1,0,0,1,1,0,0,0,
HHS UQ Equity,Communication Services,1,0,1,1,1,1,0,0,0.0
HIBB UW Equity,Consumer,1,0,1,1,1,0,0,1,0.0
HIFS UQ Equity,Financials,0,0,0,0,0,0,0,0,0.0
HIVE UR Equity,Information Technology,0,0,0,0,0,0,0,0,
HLIT UW Equity,Information Technology,1,0,1,1,1,1,0,0,
HLNE UW Equity,Financials,0,0,1,1,1,0,1,0,
HMHC UW Equity,Consumer,1,0,1,1,1,1,0,0,0.0
HMST UW Equity,Financials,1,0,1,1,1,0,0,0,
HMTV UQ Equity,Communication Services,1,0,1,1,0,0,0,0,
HNNA UQ Equity,Financials,0,0,1,1,0,0,0,0,
HNRG UR Equity,Utilities,1,0,1,1,0,0,0,0,0.0
HOFT UW Equity,Consumer,1,0,1,1,1,0,0,1,0.0
HOLI UW Equity,Information Technology,0,0,0,0,0,0,0,0,
HOLX UW Equity,Health Care,1,0,1,1,1,1,1,1,
HON UW Equity,Industrials,1,0,1,1,1,1,0,1,
HONE UW Equity,Financials,1,0,1,1,0,0,0,0,0.0
HOOK UW Equity,Health Care,1,0,1,1,0,0,0,0,
HOPE UW Equity,Financials,1,0,1,1,0,0,0,0,0.0
HQY UW Equity,Health Care,1,0,1,1,0,0,0,0,
HROW UQ Equity,Health Care,0,0,0,0,0,0,0,0,
HRTX UR Equity,Health Care,1,0,1,1,1,1,0,1,0.0
HRZN UW Equity,Financials,0,0,0,0,0,0,0,0,
HSIC UW Equity,Health Care,1,0,1,1,1,1,1,1,13.0
HSII UW Equity,Industrials,1,0,1,1,1,1,1,1,0.0
HSKA UR Equity,Health Care,1,0,1,1,1,0,0,0,
HSON UW Equity,Industrials,1,0,1,1,0,0,0,0,
HST UW Equity,Financials,1,0,1,1,1,1,0,1,0.0
HSTM UW Equity,Health Care,1,0,1,1,1,0,0,0,
HSTO UR Equity,Health Care,1,0,1,1,1,0,0,0,0.0
HTBI UW Equity,Financials,1,0,1,1,1,0,0,0,
HTBK UW Equity,Financials,0,0,1,1,1,0,0,0,
HTBX UR Equity,Health Care,0,0,0,0,0,0,0,0,
HTHT UW Equity,Consumer,1,0,1,1,0,0,0,0,0.0
HTLD UW Equity,Industrials,1,0,0,1,1,0,0,0,0.0
HTLF UW Equity,Financials,1,0,1,1,0,0,0,0,
HTZ UW Equity,Industrials,1,0,1,1,1,1,1,1,
HUBG UW Equity,Industrials,1,0,1,1,1,0,0,0,0.0
HURC UW Equity,Industrials,1,0,1,1,1,0,0,0,0.0
HURN UW Equity,Industrials,0,0,1,1,1,0,0,0,
HWBK UW Equity,Financials,1,0,1,1,0,0,0,0,0.0
HWC UW Equity,Financials,1,0,1,1,1,0,0,0,
HWKN UW Equity,Utilities,1,0,1,1,1,0,0,0,10.0
HZNP UW Equity,Health Care,1,0,1,1,0,0,0,0,0.0
IAC UW Equity,Communication Services,0,0,0,0,0,0,0,0,
IART UW Equity,Health Care,1,0,1,1,1,0,1,0,0.0
IBCP UW Equity,Financials,1,0,1,1,0,0,0,0,
IBKR UW Equity,Financials,0,0,0,0,0,0,0,0,
IBOC UW Equity,Financials,1,0,1,1,0,0,0,0,0.0
IBRX UW Equity,Health Care,1,0,1,1,1,0,0,0,0.0
IBTX UW Equity,Financials,1,0,1,1,0,0,0,0,0.0
ICAD UR Equity,Health Care,0,0,0,0,0,0,0,0,
ICCM UR Equity,Health Care,0,0,0,0,0,0,0,0,
ICFI UW Equity,Industrials,1,0,1,1,1,1,0,1,
ICHR UW Equity,Information Technology,1,0,1,1,1,1,0,1,0.0
ICLR UW Equity,Health Care,0,0,0,0,0,0,0,0,
ICPT UW Equity,Health Care,1,0,1,1,1,0,1,0,0.0
ICUI UW Equity,Health Care,1,0,1,1,1,0,0,1,
IDBA UR Equity,Information Technology,1,0,1,1,1,1,0,1,0.0
IDCC UW Equity,Information Technology,1,0,1,1,1,1,0,1,
IDEX UR Equity,Industrials,0,0,0,1,0,0,0,0,0.0
IDN UQ Equity,Information Technology,1,0,1,1,0,0,0,0,0.0
IDRA UR Equity,Health Care,1,0,1,1,0,0,0,0,
IDXX UW Equity,Health Care,1,0,1,1,1,1,1,1,
IEP UW Equity,Industrials,0,0,0,0,0,0,0,0,
IESC UQ Equity,Industrials,0,0,0,0,0,0,0,0,
IGAP UR Equity,Health Care,0,0,0,0,0,0,0,0,
IHRT UW Equity,Communication Services,0,0,0,0,0,0,0,0,4.278079986572266
III UQ Equity,Information Technology,1,0,1,1,0,0,0,0,0.0
IIIV UW Equity,Information Technology,0,0,0,0,0,0,0,0,
IIN UQ Equity,Health Care,1,0,1,1,1,0,0,0,
IIVI UW Equity,Information Technology,1,0,1,1,1,0,0,0,
ILMN UW Equity,Health Care,1,1,1,1,1,1,1,1,0.0
ILPT UW Equity,Financials,1,0,1,1,1,0,0,0,
IMBI UQ Equity,Consumer,1,0,1,1,0,0,0,0,0.0
IMGN UW Equity,Health Care,0,0,1,1,0,0,0,0,0.0
IMKTA UW Equity,Consumer,0,0,0,0,0,0,0,0,
IMMP UQ Equity,Health Care,1,0,1,1,1,0,0,0,
IMMR UW Equity,Information Technology,1,0,1,1,0,0,0,0,
IMOS UW Equity,Information Technology,1,1,1,1,1,1,0,1,
IMUX UW Equity,Health Care,1,0,1,1,1,0,0,0,
IMV UR Equity,Health Care,0,0,0,0,0,0,0,0,
IMXI UR Equity,Information Technology,1,0,1,1,1,0,0,0,54.220001220703125
INBK UW Equity,Financials,1,0,1,1,1,0,0,0,
INCY UW Equity,Health Care,1,0,1,1,1,0,0,0,0.0
INDB UW Equity,Financials,0,0,1,1,0,0,0,0,
INDP UR Equity,Health Care,0,0,0,0,0,0,0,0,
INDT UQ Equity,Financials,0,0,0,0,0,0,0,0,
INFI UW Equity,Health Care,1,0,1,1,1,0,0,0,0.0
INFN UW Equity,Information Technology,1,1,1,1,1,1,1,1,17.0
INGN UW Equity,Health Care,1,0,1,1,1,1,0,1,0.0
INO UW Equity,Health Care,0,0,0,0,0,0,0,0,
INOD UQ Equity,Information Technology,0,0,1,1,0,0,0,0,0.0
INSE UR Equity,Consumer,0,0,0,0,0,0,0,0,
INSG UW Equity,Information Technology,1,0,1,1,0,0,0,0,0.0
INSM UW Equity,Health Care,1,0,1,1,1,0,0,0,0.0
INTA UW Equity,Information Technology,0,0,0,0,0,0,0,0,
INTC UW Equity,Information Technology,1,1,1,1,1,1,1,1,12.0
INTG UR Equity,Financials,0,1,0,1,0,0,0,0,0.0
INTU UW Equity,Information Technology,1,0,1,1,1,1,0,1,
INVA UW Equity,Health Care,1,0,1,1,1,0,0,0,0.0
INVE UR Equity,Information Technology,1,0,1,1,1,0,0,1,0.0
IONS UW Equity,Health Care,1,0,1,1,1,0,0,0,0.0
IOSP UW Equity,Utilities,1,1,1,1,1,1,0,1,
IOVA UQ Equity,Health Care,1,0,1,1,0,0,0,0,0.0
IPAR UW Equity,Consumer,1,0,1,1,0,0,0,0,0.0
IPGP UW Equity,Information Technology,1,0,1,1,1,1,1,1,0.0
IQ UW Equity,Communication Services,1,0,1,1,1,0,0,0,0.0
IRBT UW Equity,Consumer,1,0,1,1,1,0,1,0,0.0
IRDM UW Equity,Communication Services,1,0,1,1,1,0,1,0,0.0
IRIX UQ Equity,Health Care,1,0,1,1,1,1,0,0,0.0
IRMD UR Equity,Health Care,0,0,1,1,0,0,0,0,0.0
IROQ UR Equity,Financials,0,0,0,0,0,0,0,0,
IRTC UW Equity,Health Care,1,0,1,1,1,1,0,1,
IRWD UW Equity,Health Care,1,0,1,1,1,0,0,0,
ISBC UW Equity,Financials,1,0,1,1,0,0,0,0,0.0
ISEE UW Equity,Health Care,1,0,1,1,0,0,0,0,
ISRG UW Equity,Health Care,1,0,1,1,1,0,1,0,
ISSC UW Equity,Industrials,1,0,0,1,0,0,0,0,0.0
ISTR UQ Equity,Financials,1,0,0,1,0,0,0,0,0.0
ITCI UW Equity,Health Care,1,0,1,1,1,0,0,0,
ITI UR Equity,Information Technology,1,0,1,1,1,0,1,0,0.0
ITIC UW Equity,Financials,1,0,1,1,1,0,0,0,0.0
ITOS UQ Equity,Health Care,0,0,0,0,0,0,0,0,
ITRI UW Equity,Information Technology,1,0,1,1,1,0,0,1,
IVAC UW Equity,Information Technology,1,0,1,1,1,0,0,0,
IZEA UR Equity,Communication Services,0,0,0,0,0,0,0,0,
JACK UW Equity,Consumer,0,0,0,0,0,0,0,0,
JAKK UW Equity,Consumer,1,0,1,1,0,1,0,1,
JAMF UW Equity,Information Technology,0,0,0,0,0,0,0,0,
JAN UR Equity,Industrials,1,0,1,1,0,0,0,0,
JAZZ UW Equity,Health Care,1,0,1,1,1,0,0,0,
JBHT UW Equity,Industrials,1,0,1,1,1,1,0,1,0.0
JBLU UW Equity,Industrials,1,0,1,1,1,1,0,1,
JBSS UW Equity,Consumer,1,0,1,1,1,0,0,0,
JCS UQ Equity,Information Technology,1,0,1,1,1,0,0,0,
JD UW Equity,Consumer,1,0,1,1,1,1,0,1,
JJSF UW Equity,Consumer,1,0,1,1,0,0,0,0,29.26000022888184
JKHY UW Equity,Information Technology,0,0,0,0,0,0,0,0,
JNCE UW Equity,Health Care,1,0,1,1,0,0,0,0,0.0
JOBS UW Equity,Industrials,1,0,0,1,0,0,0,0,0.0
JOUT UW Equity,Consumer,1,0,1,1,1,0,0,0,
JRVR UW Equity,Financials,0,0,1,1,1,0,0,0,
JVA UR Equity,Consumer,1,0,1,1,1,0,0,0,0.0
JYNT UR Equity,Health Care,1,0,1,1,1,0,0,0,0.0
KALA UW Equity,Health Care,1,0,1,1,0,0,0,0,0.0
KALU UW Equity,Utilities,1,0,1,1,1,1,0,1,63.0
KALV UQ Equity,Health Care,0,0,1,1,0,0,0,0,0.0
KBAL UW Equity,Industrials,0,0,0,0,0,0,0,0,
KDNY UW Equity,Health Care,1,0,1,1,0,0,0,0,0.0
KDP UW Equity,Consumer,1,0,1,1,1,1,0,1,29.6200008392334
KE UW Equity,Information Technology,1,0,1,1,1,1,0,1,0.0
KELYA UW Equity,Industrials,1,0,1,1,1,1,0,1,0.0
KELYB UW Equity,Industrials,1,0,1,1,1,1,0,1,0.0
KEQU UQ Equity,Health Care,0,0,1,1,0,0,0,0,
KFFB UQ Equity,Financials,0,0,0,1,0,0,0,0,0.0
KFRC UW Equity,Industrials,0,0,0,0,0,0,0,0,
KHC UW Equity,Consumer,1,0,1,1,1,1,1,1,
KIDS UQ Equity,Health Care,0,0,0,0,0,0,0,0,
KINS UR Equity,Financials,0,0,0,1,0,0,0,0,0.0
KIRK UW Equity,Consumer,1,0,1,1,1,0,1,0,0.0
KLAC UW Equity,Information Technology,0,0,0,0,0,0,0,0,
KLDO UW Equity,Health Care,1,0,1,1,0,0,0,0,0.0
KLIC UW Equity,Information Technology,0,0,0,0,0,0,0,0,
KNDI UW Equity,Consumer,1,0,1,1,1,0,0,0,0.0
KNSA UW Equity,Health Care,1,0,1,1,1,0,0,0,
KOD UQ Equity,Health Care,1,0,1,1,0,0,0,0,0.0
KOPN UR Equity,Information Technology,1,0,1,1,1,0,0,0,0.0
KOR UR Equity,Utilities,0,0,0,0,0,0,0,0,
KOSS UR Equity,Consumer,0,0,1,1,0,1,0,0,
KPTI UW Equity,Health Care,1,0,1,1,1,0,0,0,0.0
KRNY UW Equity,Financials,1,0,0,1,0,0,0,0,0.0
KRON UW Equity,Health Care,0,0,0,0,0,0,0,0,
KRTX UQ Equity,Health Care,1,0,1,1,0,0,0,0,0.0
KRYS UQ Equity,Health Care,1,0,1,1,0,0,0,0,0.0
KSPN UR Equity,Information Technology,1,0,1,1,0,0,0,0,
KTCC UQ Equity,Information Technology,1,0,1,1,1,0,0,0,
KTOS UW Equity,Industrials,0,0,1,1,0,0,0,0,
KURA UW Equity,Health Care,1,1,1,1,0,0,0,0,0.0
KVHI UW Equity,Information Technology,0,0,1,1,1,1,0,1,
KZR UW Equity,Health Care,1,0,1,1,0,0,0,0,0.0
LAKE UQ Equity,Consumer,1,0,1,1,1,0,0,0,75.0
LAMR UW Equity,Financials,0,0,1,1,1,0,0,0,3.180000066757202
LANC UW Equity,Consumer,1,0,1,1,1,0,0,0,24.0
LAND UQ Equity,Financials,1,0,1,1,0,0,0,0,
LARK UQ Equity,Financials,0,0,1,1,1,0,0,0,0.0
LASR UW Equity,Information Technology,1,0,1,1,1,0,0,1,0.0
LAUR UW Equity,Consumer,1,0,1,1,1,0,0,0,
LAWS UW Equity,Industrials,1,0,1,1,1,1,0,1,8.0
LBAI UW Equity,Financials,1,0,1,1,1,0,0,0,0.0
LBC UW Equity,Financials,1,0,1,1,0,0,0,0,
LBRDA UW Equity,Communication Services,1,0,1,1,0,0,0,0,
LBRDK UW Equity,Communication Services,1,0,1,1,0,0,0,0,
LBTYA UW Equity,Communication Services,1,0,1,1,1,1,1,0,23.0
LBTYB UW Equity,Communication Services,1,0,1,1,1,1,1,0,23.0
LBTYK UW Equity,Communication Services,1,0,1,1,1,1,1,0,23.0
LCNB UR Equity,Financials,0,0,1,1,0,0,0,0,
LCUT UW Equity,Consumer,1,0,1,1,1,0,0,0,0.0
LE UR Equity,Consumer,1,0,1,1,1,1,0,1,
LECO UW Equity,Industrials,1,0,1,1,1,1,1,1,
LEE UW Equity,Communication Services,1,0,1,1,0,0,0,0,16.790000915527344
LEGH UW Equity,Consumer,1,0,1,1,1,0,0,0,0.0
LESL UW Equity,Consumer,0,0,0,0,0,0,0,0,
LEVL UW Equity,Financials,1,0,1,1,0,0,0,0,0.0
LFUS UW Equity,Information Technology,1,0,1,1,1,1,1,1,25.0
LFVN UR Equity,Consumer,1,0,1,1,1,1,1,1,
LGIH UW Equity,Consumer,1,0,1,1,1,0,0,0,0.0
LGND UQ Equity,Health Care,1,1,1,1,1,0,0,0,
LGO UW Equity,Utilities,1,0,1,1,1,1,0,0,
LHCG UW Equity,Health Care,1,0,1,1,1,0,0,0,0.0
LILA UW Equity,Communication Services,1,0,1,1,1,1,0,1,33.61000061035156
LILAK UW Equity,Communication Services,1,0,1,1,1,1,0,1,33.61000061035156
LINC UW Equity,Consumer,1,0,1,1,0,0,0,0,
LIND UR Equity,Consumer,1,0,1,1,0,0,0,0,
LITE UW Equity,Information Technology,1,1,1,1,1,1,1,1,0.0
LIVE UR Equity,Consumer,1,0,1,1,1,0,0,0,3.470000028610229
LIVN UW Equity,Health Care,1,0,1,1,1,1,1,1,
LIXT UR Equity,Health Care,0,0,0,0,0,0,0,0,
LJPC UR Equity,Health Care,1,0,1,1,0,0,0,0,0.0
LKFN UW Equity,Financials,1,0,1,1,0,0,0,0,0.0
LKQ UW Equity,Consumer,1,0,1,1,1,1,0,1,
LLL UR Equity,Consumer,0,0,0,0,0,0,0,0,
LLNW UW Equity,Information Technology,1,0,1,1,1,0,0,0,
LMAT UQ Equity,Health Care,1,0,1,1,0,0,0,0,
LMNL UQ Equity,Health Care,1,0,1,1,1,0,0,0,0.0
LMNR UW Equity,Consumer,0,0,0,0,0,0,0,0,
LMST UR Equity,Financials,0,0,0,0,0,0,0,0,
LNDC UW Equity,Consumer,0,0,1,1,1,1,0,1,
LNT UW Equity,Utilities,1,0,1,1,1,1,0,0,53.0
LNTH UQ Equity,Health Care,1,0,1,1,1,0,0,1,0.0
LOB UW Equity,Financials,1,0,1,1,0,0,0,0,0.0
LOCO UW Equity,Consumer,1,0,1,1,1,0,0,0,0.0
LOGC UQ Equity,Health Care,1,0,1,1,0,0,0,0,0.0
LOGI UW Equity,Information Technology,1,0,1,1,1,1,0,1,
LOPE UW Equity,Consumer,0,0,1,1,1,1,0,1,0.0
LOVE UQ Equity,Consumer,1,1,1,1,1,0,0,0,
LPCN UR Equity,Health Care,1,0,1,1,0,0,0,0,0.0
LPLA UW Equity,Financials,1,0,1,1,1,1,0,1,
LPSN UW Equity,Information Technology,0,0,1,1,1,0,1,0,0.0
LQDA UR Equity,Health Care,1,0,1,1,1,0,0,0,0.0
LQDT UW Equity,Consumer,0,0,0,0,0,0,0,0,
LRCX UW Equity,Information Technology,0,0,0,0,0,0,0,0,
LRMR UQ Equity,Health Care,1,0,1,1,1,0,0,0,0.0
LSBK UQ Equity,Financials,1,0,1,1,0,0,0,0,0.0
LSCC UW Equity,Information Technology,1,0,1,1,1,1,0,0,
LSTR UW Equity,Industrials,1,0,1,1,1,0,0,0,
LSXMA UW Equity,Communication Services,1,0,1,1,1,0,0,0,
LSXMB UW Equity,Communication Services,1,0,1,1,1,0,0,0,
LSXMK UW Equity,Communication Services,1,0,1,1,1,0,0,0,
LTBR UR Equity,Utilities,1,0,1,1,0,0,0,0,
LTRPA UW Equity,Communication Services,1,0,1,1,1,0,0,0,
LTRPB UW Equity,Communication Services,1,0,1,1,1,0,0,0,
LTRX UR Equity,Information Technology,1,0,1,1,1,0,0,0,0.0
LULU UW Equity,Consumer,1,0,1,1,1,1,1,1,0.0
LUMO UQ Equity,Health Care,1,0,1,1,1,0,0,0,0.0
LVO UR Equity,Communication Services,0,0,1,1,0,0,0,0,0.0
LWAY UQ Equity,Consumer,1,0,1,1,1,0,0,0,32.59000015258789
LWLG UR Equity,Information Technology,0,0,1,1,0,0,0,0,
LXRX UW Equity,Health Care,1,0,1,1,1,0,0,0,0.0
LYFT UW Equity,Industrials,1,0,1,1,1,0,0,1,0.0
LYTS UW Equity,Industrials,0,0,1,1,0,1,0,1,
LZ UW Equity,Industrials,0,0,0,0,0,0,0,0,
MACK UQ Equity,Health Care,1,0,1,1,1,0,0,0,
MANH UW Equity,Information Technology,1,0,1,1,1,1,1,1,
MANT UW Equity,Industrials,1,0,1,1,0,1,0,1,
MAR UW Equity,Consumer,1,0,1,1,1,1,0,1,16.520000457763672
MASI UW Equity,Health Care,1,0,1,1,1,1,0,1,
MAT UW Equity,Consumer,1,0,1,1,1,1,1,1,
MATW UW Equity,Industrials,0,0,0,0,0,0,0,0,
MAXN UW Equity,Information Technology,0,0,0,0,0,0,0,0,
MAYS UR Equity,Financials,1,0,1,1,1,0,0,0,21.0
MBCN UR Equity,Financials,1,0,1,1,0,0,0,0,0.0
MBII UR Equity,Utilities,1,0,1,1,1,0,0,0,0.0
MBIN UR Equity,Financials,1,0,1,1,0,0,0,0,0.0
MBIO UQ Equity,Health Care,0,0,1,1,0,0,0,0,0.0
MBUU UQ Equity,Consumer,1,0,1,1,0,0,0,0,0.0
MBWM UW Equity,Financials,0,0,1,1,1,1,0,0,
MCBC UW Equity,Financials,0,0,1,1,0,0,0,0,0.0
MCBS UW Equity,Financials,0,0,0,1,0,0,0,0,0.0
MCFE UW Equity,Information Technology,0,0,0,0,0,0,0,0,
MCFT UQ Equity,Consumer,1,0,1,1,1,0,0,0,
MCHP UW Equity,Information Technology,0,0,0,0,0,0,0,0,
MCHX UW Equity,Communication Services,0,0,0,0,0,0,0,0,0.0
MCRB UW Equity,Health Care,1,0,1,1,1,0,0,0,0.0
MCRI UW Equity,Consumer,1,0,0,1,1,0,0,0,
MDB UQ Equity,Information Technology,1,0,1,1,0,0,0,0,0.0
MDGL UW Equity,Health Care,1,0,1,1,1,0,0,0,
MDLZ UW Equity,Consumer,1,0,1,1,1,1,0,1,57.369998931884766
MDRX UW Equity,Health Care,1,0,1,1,1,0,1,1,0.0
MDXG UR Equity,Health Care,1,0,1,1,1,0,0,0,0.0
MEDP UW Equity,Health Care,1,0,1,1,1,1,0,1,0.0
MEIP UR Equity,Health Care,1,0,1,1,1,0,0,0,0.0
MELI UW Equity,Consumer,1,0,1,1,1,1,0,0,
MEOH UW Equity,Utilities,1,1,1,1,1,1,0,1,
MERC UW Equity,Utilities,1,0,1,1,1,1,0,1,
MESA UW Equity,Industrials,1,0,1,1,1,0,0,0,74.0999984741211
MESO UW Equity,Health Care,1,0,1,1,1,0,0,0,0.0
METC UW Equity,Utilities,1,0,1,1,1,0,0,0,
MFIN UW Equity,Financials,1,0,1,1,1,0,0,0,
MGEE UW Equity,Utilities,1,0,1,1,1,0,0,0,45.220001220703125
MGI UW Equity,Information Technology,1,0,1,1,1,0,1,0,
MGNI UW Equity,Communication Services,1,0,1,1,1,0,0,0,
MGNX UW Equity,Health Care,1,0,1,1,1,0,0,0,0.0
MGPI UW Equity,Consumer,1,0,1,1,1,0,0,0,46.400001525878906
MGRC UW Equity,Industrials,1,0,1,1,1,0,0,0,0.0
MGTA UQ Equity,Health Care,1,0,1,1,0,0,0,0,
MGTX UW Equity,Health Care,1,0,1,1,1,0,0,0,0.0
MHLD UR Equity,Financials,1,0,1,1,1,1,1,1,0.0
MIDD UW Equity,Industrials,1,0,1,1,1,1,0,1,6.0
MIND UW Equity,Utilities,1,0,1,1,1,0,0,0,0.0
MIRM UQ Equity,Health Care,1,0,1,1,0,0,0,0,0.0
MITK UR Equity,Information Technology,1,0,1,1,1,1,0,1,0.0
MKSI UW Equity,Information Technology,1,0,1,1,1,1,1,0,
MKTX UW Equity,Financials,1,0,1,1,1,1,1,0,0.0
MLAB UW Equity,Health Care,1,0,1,1,1,0,0,0,
MLCO UW Equity,Consumer,1,0,1,1,1,0,0,0,0.0
MLKN UW Equity,Industrials,0,0,0,0,0,0,0,0,
MLVF UQ Equity,Financials,1,0,1,1,0,0,0,0,
MMSI UW Equity,Health Care,1,1,1,1,1,1,0,1,
MNDT UW Equity,Information Technology,1,0,1,1,1,1,1,1,
MNKD UQ Equity,Health Care,1,0,1,1,1,0,0,0,0.0
MNOV UQ Equity,Health Care,1,0,1,1,1,0,0,0,
MNRO UW Equity,Consumer,1,0,1,1,1,0,0,0,0.0
MNST UW Equity,Consumer,1,0,1,1,1,1,1,1,
MNTV UW Equity,Information Technology,1,0,1,1,1,0,0,0,0.0
MNTX UR Equity,Industrials,0,0,1,1,0,0,0,0,3.75
MODV UW Equity,Health Care,1,0,1,1,1,0,0,0,10.0
MOFG UW Equity,Financials,1,0,1,1,0,0,0,0,
MOMO UW Equity,Communication Services,1,0,1,1,1,0,0,0,0.0
MOR UW Equity,Health Care,0,0,0,0,0,0,0,0,
MORF UQ Equity,Health Care,1,0,1,1,0,0,0,0,0.0
MORN UW Equity,Financials,1,0,1,1,1,1,1,1,0.0
MPAA UW Equity,Consumer,1,0,1,1,0,0,0,1,82.44999694824219
MPB UQ Equity,Financials,1,0,1,1,0,0,0,0,0.0
MPWR UW Equity,Information Technology,1,0,1,1,1,1,0,1,0.0
MRCY UW Equity,Industrials,1,0,1,1,1,1,0,1,0.0
MRKR UQ Equity,Health Care,0,0,1,1,0,0,0,0,0.0
MRLN UW Equity,Financials,0,0,1,1,1,0,0,0,0.0
MRNA UW Equity,Health Care,1,0,1,1,1,0,0,0,0.0
MRNS UQ Equity,Health Care,1,0,1,1,1,0,0,0,0.0
MRSN UW Equity,Health Care,1,0,1,1,0,0,0,0,0.0
MRTN UW Equity,Industrials,0,0,0,0,0,0,0,0,
MRTX UW Equity,Health Care,0,0,0,0,0,0,0,0,
MRVL UW Equity,Information Technology,1,0,1,1,1,1,0,1,
MSBI UW Equity,Financials,1,0,1,1,0,0,0,0,0.0
MSEX UW Equity,Utilities,1,0,1,1,1,1,0,1,0.0
MSFT UW Equity,Information Technology,0,0,0,0,0,0,0,0,
MSTR UW Equity,Information Technology,1,0,1,1,1,0,0,0,
MTBC UQ Equity,Health Care,0,0,0,0,0,0,0,0,
MTCH UW Equity,Communication Services,0,0,1,1,0,0,1,0,
MTEM UW Equity,Health Care,1,0,1,1,0,0,0,0,0.0
MTRX UW Equity,Industrials,1,0,1,1,1,0,0,0,
MTSI UW Equity,Information Technology,1,0,1,1,1,1,1,1,
MU UW Equity,Information Technology,0,0,0,0,0,0,0,0,
MVBF UR Equity,Financials,1,0,1,1,0,0,0,0,
MVIS UQ Equity,Information Technology,1,0,1,1,1,0,0,0,0.0
MXL UW Equity,Information Technology,1,0,1,1,1,1,0,1,
MYGN UW Equity,Health Care,1,0,1,1,1,0,0,0,0.0
MYRG UW Equity,Industrials,0,0,0,0,0,0,0,0,
NAII UQ Equity,Consumer,1,0,0,1,1,0,0,0,0.0
NATH UW Equity,Consumer,1,0,1,1,1,0,0,0,
NATI UW Equity,Information Technology,1,0,1,1,1,1,0,1,
NATR UR Equity,Consumer,1,0,1,1,1,1,0,0,
NAVI UW Equity,Financials,1,0,1,1,1,0,0,0,0.0
NBEV UR Equity,Consumer,1,0,1,1,0,0,0,0,
NBIX UW Equity,Health Care,1,0,1,1,1,0,0,0,
NBN UQ Equity,Financials,0,0,1,1,0,0,0,0,0.0
NBSE UR Equity,Health Care,1,0,1,1,0,0,0,0,0.0
NBTB UW Equity,Financials,1,0,1,1,1,0,0,0,0.0
NCBS UR Equity,Financials,0,0,0,0,0,0,0,0,
NCMI UW Equity,Communication Services,1,0,1,1,1,0,0,0,0.0
NCSM UR Equity,Utilities,1,0,1,1,1,0,0,0,0.0
NDAQ UW Equity,Financials,1,0,1,1,1,1,0,1,1.899999976158142
NDLS UW Equity,Consumer,1,0,1,1,1,0,0,0,0.0
NDSN UW Equity,Industrials,0,0,0,0,0,0,0,0,
NECB UR Equity,Financials,0,0,0,0,0,0,0,0,
NEGG UR Equity,Consumer,1,0,1,1,1,0,0,0,0.0
NEO UR Equity,Health Care,0,0,1,1,1,0,0,0,
NEOG UW Equity,Health Care,1,0,1,1,1,0,0,0,0.0
NEON UR Equity,Information Technology,0,0,0,1,0,0,0,0,0.0
NEPH UR Equity,Consumer,0,0,0,0,0,0,0,0,
NEPT UR Equity,Consumer,0,0,0,0,0,0,0,0,
NERV UQ Equity,Health Care,0,0,1,1,0,0,0,0,0.0
NESR UR Equity,Utilities,1,1,1,1,1,1,0,1,0.0
NEWT UQ Equity,Financials,1,0,1,1,1,0,0,0,
NEXT UR Equity,Utilities,1,0,1,1,1,1,0,1,0.0
NFBK UW Equity,Financials,1,0,1,1,1,0,0,0,0.0
NFLX UW Equity,Communication Services,1,0,1,1,0,0,1,0,
NGM UW Equity,Health Care,1,0,1,1,1,1,0,1,
NH UW Equity,Health Care,1,0,1,1,1,0,0,0,0.0
NHTC UR Equity,Consumer,1,0,1,1,0,0,0,0,
NICE UW Equity,Information Technology,1,0,1,1,1,1,1,1,0.0
NICK UW Equity,Financials,0,0,1,1,1,0,0,0,0.0
NKLA UW Equity,Industrials,0,0,0,0,0,0,0,0,
NKSH UR Equity,Financials,0,0,0,1,1,0,0,0,
NKTR UW Equity,Health Care,1,0,1,1,0,0,0,0,0.0
NLOK UW Equity,Information Technology,0,0,0,0,0,0,0,0,
NMFC UW Equity,Financials,0,0,1,1,0,0,0,0,
NMIH UQ Equity,Financials,1,0,1,1,1,0,0,0,
NMRK UW Equity,Financials,1,0,1,1,0,0,0,0,
NNBR UW Equity,Industrials,1,0,1,1,1,0,0,1,
NODK UR Equity,Financials,0,0,1,1,1,0,0,0,0.0
NOVT UW Equity,Information Technology,1,1,1,1,1,1,1,1,
NRC UW Equity,Health Care,1,0,1,1,1,0,0,0,0.0
NRIM UW Equity,Financials,0,0,0,1,0,0,0,0,0.0
NSIT UW Equity,Information Technology,1,0,1,1,1,0,0,0,
NSSC UW Equity,Information Technology,0,0,1,1,0,0,0,0,
NSTG UQ Equity,Health Care,1,0,1,1,1,0,0,0,0.0
NTAP UW Equity,Information Technology,1,0,1,1,1,1,1,1,0.0
NTCT UW Equity,Information Technology,1,0,1,1,1,1,0,1,
NTES UW Equity,Communication Services,1,0,1,1,1,1,0,1,0.0
NTGR UW Equity,Information Technology,1,0,1,1,1,1,0,1,0.0
NTIC UQ Equity,Utilities,0,0,1,1,0,0,0,0,0.0
NTLA UQ Equity,Health Care,1,0,1,1,0,0,0,0,
NTNX UW Equity,Information Technology,0,0,0,0,0,0,0,0,
NTRA UW Equity,Health Care,1,0,1,1,0,0,0,0,0.0
NTRS UW Equity,Financials,0,0,0,0,0,0,0,0,
NTUS UW Equity,Health Care,1,0,1,1,1,0,1,0,
NTWK UR Equity,Information Technology,1,0,1,1,0,0,0,0,0.0
NUAN UW Equity,Information Technology,0,0,0,0,0,0,0,0,
NUVA UW Equity,Health Care,1,0,1,1,1,1,0,1,0.0
NVAX UW Equity,Health Care,1,1,1,1,1,0,0,0,8.59000015258789
NVCN UR Equity,Health Care,0,0,0,0,0,0,0,0,
NVCR UW Equity,Health Care,1,0,1,1,1,1,0,1,
NVDA UW Equity,Information Technology,1,1,1,1,1,1,0,1,4.0
NVEC UR Equity,Information Technology,1,0,0,1,0,0,0,0,0.0
NVEE UR Equity,Industrials,1,0,1,1,1,0,0,0,
NVFY UR Equity,Consumer,0,0,0,0,0,0,0,0,
NVIV UR Equity,Health Care,1,0,1,1,0,0,0,0,0.0
NWBI UW Equity,Financials,1,0,1,1,1,0,0,0,0.0
NWE UW Equity,Utilities,0,0,0,0,0,0,0,0,
NWFL UQ Equity,Financials,0,0,0,1,0,0,0,0,0.0
NWL UW Equity,Consumer,1,1,1,1,1,1,1,1,
NWLI UW Equity,Financials,0,0,1,1,0,0,0,0,0.0
NWPX UW Equity,Industrials,1,0,1,1,1,0,0,0,7.0
NWS UW Equity,Communication Services,1,0,1,1,1,0,1,0,18.75
NWSA UW Equity,Communication Services,1,0,1,1,1,0,1,0,18.75
NXGN UW Equity,Health Care,1,0,1,1,1,0,0,0,0.0
NXPI UW Equity,Information Technology,1,1,1,1,1,1,1,1,0.0
NXST UW Equity,Communication Services,1,0,1,1,1,0,0,0,12.470000267028809
NXTD UR Equity,Information Technology,0,0,0,0,0,0,0,0,
NYMT UW Equity,Financials,1,0,1,1,1,0,0,0,
NYMX UR Equity,Health Care,1,0,1,1,1,0,0,0,
OAS UW Equity,Utilities,1,1,1,1,1,1,0,0,0.0
OB UW Equity,Communication Services,0,0,0,0,0,0,0,0,
OBCI UR Equity,Consumer,0,0,0,0,0,0,0,0,
OBLG UR Equity,Information Technology,1,0,1,1,1,0,0,0,0.0
OBNK UW Equity,Financials,1,0,1,1,0,0,0,0,0.0
OCC UQ Equity,Information Technology,1,0,1,1,1,1,0,0,0.0
OCFC UW Equity,Financials,1,0,1,1,0,0,0,0,
OCUL UQ Equity,Health Care,1,0,1,1,1,0,0,0,0.0
OCUP UR Equity,Health Care,0,0,1,1,0,0,0,0,0.0
OCX UQ Equity,Health Care,1,0,1,1,0,0,0,0,
ODFL UW Equity,Industrials,1,0,1,1,1,1,0,1,0.0
ODP UW Equity,Consumer,0,0,0,0,0,0,0,0,
ODT UW Equity,Health Care,1,0,1,1,0,0,0,0,0.0
OEG UR Equity,Industrials,1,0,1,1,0,0,0,0,
OESX UR Equity,Industrials,1,0,1,1,0,0,0,0,0.0
OFED UR Equity,Financials,0,0,0,0,0,0,0,0,0.0
OFIX UW Equity,Health Care,1,0,1,1,1,0,0,0,20.06999969482422
OFLX UQ Equity,Industrials,1,0,1,1,0,0,0,0,0.0
OGI UW Equity,Health Care,1,0,1,1,1,0,0,0,
OKTA UW Equity,Information Technology,1,0,1,1,1,0,0,0,
OLED UW Equity,Information Technology,1,0,1,1,1,1,0,1,0.0
OLLI UQ Equity,Consumer,1,0,1,1,1,0,0,0,0.0
OLMA UW Equity,Health Care,0,0,0,0,0,0,0,0,
OMAB UW Equity,Industrials,1,0,1,1,1,1,0,1,54.5
OMCL UW Equity,Health Care,1,1,1,1,1,1,1,0,
OMER UQ Equity,Health Care,1,0,1,1,0,0,0,0,0.0
OMEX UR Equity,Industrials,0,0,1,1,0,0,0,0,
ON UW Equity,Information Technology,1,1,1,1,1,1,1,1,0.2000000029802322
ONB UW Equity,Financials,1,0,1,1,1,0,0,0,0.0
ONCT UR Equity,Health Care,1,0,1,1,1,0,0,0,0.0
ONTX UR Equity,Health Care,0,0,0,0,0,0,0,0,
ONVO UR Equity,Health Care,1,0,1,1,0,0,0,0,0.0
OPBK UQ Equity,Financials,1,0,1,1,0,0,0,0,
OPCH UW Equity,Health Care,1,0,1,1,0,0,0,0,
OPEN UW Equity,Financials,0,0,0,0,0,0,0,0,
OPI UW Equity,Financials,1,0,1,1,1,0,0,0,
OPK UW Equity,Health Care,1,0,1,1,1,0,0,0,0.0
OPOF UR Equity,Financials,1,0,1,1,0,0,0,0,
OPRX UR Equity,Health Care,1,0,1,1,1,0,0,0,0.0
OPTN UW Equity,Health Care,1,0,1,1,1,0,0,0,0.0
ORGO UR Equity,Health Care,1,0,1,1,0,0,0,0,0.0
ORLY UW Equity,Consumer,1,0,1,1,1,0,0,0,0.5239999890327454
ORMP UR Equity,Health Care,0,0,0,0,0,0,0,0,
ORRF UR Equity,Financials,0,0,0,0,0,0,0,0,
OSBC UW Equity,Financials,1,0,1,1,1,0,0,0,
OSIS UW Equity,Information Technology,1,0,1,1,1,1,0,1,
OSMT UW Equity,Health Care,1,0,1,1,1,0,0,0,0.3300000131130218
OSPN UR Equity,Information Technology,1,0,1,1,1,0,0,0,
OSTK UQ Equity,Consumer,1,0,1,1,1,0,0,0,0.0
OSUR UW Equity,Health Care,1,0,1,1,1,0,0,0,0.0
OSW UR Equity,Consumer,0,0,1,1,1,0,0,0,
OTEX UW Equity,Information Technology,1,0,1,1,1,1,1,1,0.0
OTIC UW Equity,Health Care,1,0,1,1,1,0,0,0,0.0
OTRK UQ Equity,Health Care,1,0,1,1,1,0,0,0,0.0
OTTR UW Equity,Utilities,1,0,1,1,1,1,0,0,17.93000030517578
OVBC UQ Equity,Financials,1,0,1,1,0,0,0,0,
OVLY UR Equity,Financials,0,0,1,1,0,0,0,0,0.0
OZK UW Equity,Financials,1,0,1,1,1,0,0,0,0.0
PAA UW Equity,Utilities,1,1,1,1,1,1,0,1,3.0
PAAS UW Equity,Utilities,1,0,1,1,1,1,0,1,54.0
PACB UW Equity,Health Care,1,0,1,1,1,0,0,0,0.0
PACW UW Equity,Financials,0,0,1,1,1,0,0,0,0.0
PAGP UW Equity,Utilities,1,1,1,1,1,1,0,0,3.0899999141693115
PAHC UQ Equity,Health Care,1,0,1,1,1,1,0,1,38.84000015258789
PALI UR Equity,Health Care,0,0,1,1,0,0,0,0,
PALT UR Equity,Communication Services,1,0,1,1,1,0,0,0,
PANL UR Equity,Industrials,0,0,0,0,0,0,0,0,
PANW UW Equity,Information Technology,1,0,1,1,1,1,1,1,
PATK UW Equity,Consumer,1,0,1,1,1,0,0,0,
PAYS UR Equity,Information Technology,1,0,1,1,1,0,0,0,0.0
PAYX UW Equity,Information Technology,1,0,1,1,1,1,0,0,0.0
PBCT UW Equity,Financials,1,0,1,1,1,0,0,0,
PBFS UR Equity,Financials,0,0,0,0,0,0,0,0,0.0
PBIP UQ Equity,Financials,1,0,1,1,0,0,0,0,0.0
PBPB UW Equity,Consumer,1,0,1,1,1,0,0,0,0.0
PBYI UW Equity,Health Care,1,0,1,1,1,0,0,0,
PCAR UW Equity,Industrials,1,0,1,1,1,1,0,0,
PCB UW Equity,Financials,1,0,1,1,0,0,0,0,0.0
PCH UW Equity,Financials,1,0,1,1,1,1,0,0,14.0
PCOM UR Equity,Consumer,0,0,0,0,0,0,0,0,
PCRX UW Equity,Health Care,1,0,1,1,1,0,0,0,0.0
PCSB UR Equity,Financials,1,0,1,1,0,0,0,0,
PCTI UW Equity,Information Technology,1,0,1,1,1,0,0,0,
PCTY UW Equity,Information Technology,0,0,1,1,0,0,0,0,
PCYG UR Equity,Information Technology,1,0,1,1,0,0,0,0,0.0
PCYO UR Equity,Utilities,0,1,1,1,1,1,0,1,0.0
PDCE UW Equity,Utilities,1,0,1,1,1,0,0,0,0.0
PDCO UW Equity,Health Care,0,0,0,0,0,0,0,0,
PDD UW Equity,Consumer,1,0,1,1,1,0,0,0,
PDFS UW Equity,Information Technology,1,0,1,1,1,1,0,0,0.0
PDLB UQ Equity,Financials,0,0,0,1,1,0,0,0,0.0
PDSB UR Equity,Health Care,1,0,1,1,0,0,0,0,0.0
PEBK UQ Equity,Financials,1,0,1,1,1,0,0,0,0.0
PEBO UW Equity,Financials,0,0,1,1,1,0,0,0,
PEGA UW Equity,Information Technology,1,0,1,1,1,1,1,1,
PENN UW Equity,Consumer,1,0,1,1,0,0,0,0,15.15999984741211
PEP UW Equity,Consumer,1,0,1,1,1,1,1,1,51.0
PESI UR Equity,Industrials,1,0,1,0,0,0,0,0,
PETQ UW Equity,Health Care,1,0,1,1,1,0,0,0,
PETS UW Equity,Consumer,1,0,1,1,1,0,0,0,0.0
PFBC UW Equity,Financials,1,0,1,1,1,0,0,0,0.0
PFC UW Equity,Financials,1,0,1,1,0,0,0,0,0.0
PFG UW Equity,Financials,1,0,1,1,1,1,1,1,0.0
PFIE UR Equity,Utilities,0,0,1,1,0,0,0,0,
PFIS UW Equity,Financials,0,0,1,1,1,0,0,0,
PFMT UW Equity,Industrials,0,0,0,0,0,0,0,0,
PFSW UR Equity,Information Technology,1,0,1,1,1,0,0,0,0.0
PFX UQ Equity,Financials,0,0,1,1,0,0,0,0,
PGC UW Equity,Financials,1,0,1,1,0,0,0,0,
PGEN UW Equity,Health Care,1,0,1,1,1,0,0,0,0.0
PGNY UW Equity,Health Care,1,0,1,1,1,0,0,0,
PHAR UQ Equity,Health Care,0,0,0,0,0,0,0,0,
PHAS UQ Equity,Health Care,1,0,1,1,0,0,0,0,0.0
PHAT UW Equity,Health Care,1,0,1,1,1,0,0,0,0.0
PI UW Equity,Information Technology,1,0,1,1,1,0,0,0,0.0
PINC UW Equity,Health Care,1,0,1,1,1,0,0,1,0.0
PIRS UR Equity,Health Care,1,0,1,1,1,0,0,0,0.0
PKBK UR Equity,Financials,0,0,1,1,0,0,0,0,
PKOH UW Equity,Industrials,1,0,1,1,1,1,0,0,10.0
PLAB UW Equity,Information Technology,1,0,1,1,1,0,0,0,0.0
PLAY UW Equity,Consumer,1,0,1,1,1,0,0,0,0.0
PLCE UW Equity,Consumer,1,0,1,1,1,1,0,1,0.0
PLL UR Equity,Utilities,0,0,0,0,0,0,0,0,
PLMR UW Equity,Financials,1,0,1,1,1,1,0,0,
PLPC UW Equity,Industrials,1,0,1,1,1,0,0,0,
PLSE UR Equity,Health Care,1,0,1,1,1,0,0,0,
PLUG UR Equity,Industrials,1,0,1,1,0,1,0,1,
PLUS UW Equity,Information Technology,1,0,1,1,1,1,1,0,0.0
PLXS UW Equity,Information Technology,1,0,1,1,1,0,0,1,9.59000015258789
PLYA UW Equity,Consumer,1,0,1,1,1,0,0,0,41.0
PMD UR Equity,Health Care,1,0,1,1,0,0,0,0,0.0
PMTS UQ Equity,Information Technology,0,0,0,1,0,1,1,0,0.0
PNBK UQ Equity,Financials,1,0,0,1,0,0,0,0,0.0
PNFP UW Equity,Financials,1,0,1,1,1,0,0,0,0.0
PNRG UR Equity,Utilities,1,0,1,1,1,0,0,0,
PNTG UW Equity,Health Care,1,0,1,1,0,0,0,0,0.0
PODD UW Equity,Health Care,0,0,1,1,1,1,1,1,
POOL UW Equity,Consumer,1,0,1,1,1,1,0,1,
POWI UW Equity,Information Technology,1,0,1,1,0,0,1,1,
POWL UW Equity,Industrials,1,0,1,1,1,1,1,1,0.0
PPBI UW Equity,Financials,0,0,1,1,1,1,0,0,
PPC UW Equity,Consumer,1,0,1,1,1,1,0,1,35.20000076293945
PPIH UQ Equity,Industrials,0,0,0,0,0,0,0,0,
PPSI UR Equity,Industrials,0,0,0,0,0,0,0,0,
PPTA UR Equity,Utilities,1,0,1,1,1,1,0,0,
PRAA UW Equity,Financials,1,0,1,1,1,0,0,0,
PRAX UW Equity,Health Care,0,0,0,0,0,0,0,0,
PRDO UW Equity,Consumer,1,0,1,1,1,0,0,0,
PRFT UW Equity,Information Technology,1,0,1,1,1,0,0,0,0.0
PRGS UW Equity,Information Technology,1,0,1,1,1,1,1,1,
PRIM UW Equity,Industrials,0,0,1,1,1,1,0,0,
PRLD UW Equity,Health Care,0,0,0,0,0,0,0,0,
PROV UW Equity,Financials,1,0,0,1,0,0,0,0,0.0
PRPL UW Equity,Consumer,0,0,1,1,0,0,0,0,0.0
PRPO UR Equity,Health Care,0,0,0,0,0,0,0,0,
PRSO UR Equity,Information Technology,1,0,1,1,1,0,0,0,
PRTA UW Equity,Health Care,1,0,1,1,1,0,0,0,
PRTH UR Equity,Information Technology,1,0,1,1,1,0,0,0,0.0
PRTK UQ Equity,Health Care,1,0,1,1,1,0,0,0,0.0
PRTS UW Equity,Consumer,1,0,1,1,1,0,0,0,0.0
PSMT UW Equity,Consumer,1,0,1,1,1,1,0,1,15.380000114440918
PSNL UQ Equity,Health Care,1,0,1,1,0,0,0,0,0.0
PSTV UR Equity,Health Care,1,0,1,1,1,0,0,0,0.0
PTC UW Equity,Information Technology,1,1,1,1,1,1,1,1,
PTCT UW Equity,Health Care,1,0,1,1,1,1,0,1,0.0
PTE UR Equity,Health Care,1,0,1,1,1,0,0,0,0.0
PTEN UW Equity,Utilities,1,1,1,1,1,1,0,0,0.0
PTGX UQ Equity,Health Care,1,0,1,1,0,0,0,0,0.0
PTNR UW Equity,Communication Services,0,0,0,0,0,0,0,0,
PTON UW Equity,Consumer,1,0,1,1,1,0,0,0,
PTSI UQ Equity,Industrials,0,0,1,1,0,0,0,0,0.0
PVBC UR Equity,Financials,0,0,0,0,0,0,0,0,0.0
PWFL UQ Equity,Information Technology,1,0,1,1,0,0,0,0,
PWOD UW Equity,Financials,1,0,1,1,0,0,0,0,
PXLW UQ Equity,Information Technology,1,0,1,1,1,0,0,0,
PYPL UW Equity,Information Technology,1,0,1,1,1,1,1,1,0.0
PZZA UW Equity,Consumer,1,0,1,1,1,0,0,1,
QCOM UW Equity,Information Technology,1,0,1,1,1,1,1,1,50.0
QCRH UQ Equity,Financials,1,0,1,1,1,0,0,0,
QDEL UW Equity,Health Care,1,0,1,1,0,0,0,0,0.0
QIWI UW Equity,Information Technology,1,0,1,1,1,0,0,0,
QLYS UW Equity,Information Technology,1,0,1,1,1,0,0,0,
QMCO UQ Equity,Information Technology,1,0,1,1,1,1,1,1,
QNST UW Equity,Communication Services,1,0,1,1,1,1,0,0,0.0
QRTEA UW Equity,Consumer,1,0,1,1,1,1,0,1,2.0
QRTEB UW Equity,Consumer,1,0,1,1,1,1,0,1,2.0
QRVO UW Equity,Information Technology,1,0,1,1,1,1,1,1,
QTNT UQ Equity,Health Care,1,0,1,1,1,0,0,0,0.0
QTRX UQ Equity,Health Care,1,0,1,1,1,0,0,0,0.0
QUIK UR Equity,Information Technology,1,0,1,1,0,0,0,0,0.0
QUMU UR Equity,Information Technology,1,0,1,1,1,0,0,0,0.0
QURE UW Equity,Health Care,1,0,1,1,0,0,0,0,
RAIL UW Equity,Industrials,1,0,1,1,1,0,0,0,
RAPT UQ Equity,Health Care,1,0,1,1,0,0,0,0,
RARE UW Equity,Health Care,1,0,1,1,1,0,0,0,0.0
RBB UW Equity,Financials,1,0,1,1,0,0,0,0,0.0
RBBN UW Equity,Information Technology,1,0,1,1,0,1,0,1,
RBCAA UW Equity,Financials,1,0,1,1,1,0,0,0,0.0
RBCN UR Equity,Information Technology,0,0,0,0,0,0,0,0,
RCEL UR Equity,Health Care,1,0,1,1,1,0,0,0,0.0
RCII UW Equity,Consumer,1,0,1,1,1,1,1,1,
RCKT UQ Equity,Health Care,1,0,1,1,1,0,0,0,0.0
RCKY UW Equity,Consumer,1,0,1,1,1,1,0,1,
RCM UW Equity,Health Care,1,0,1,1,1,0,0,0,0.0
RCMT UQ Equity,Industrials,0,0,1,1,1,0,0,0,0.0
RCON UR Equity,Utilities,0,0,0,0,0,0,0,0,0.0
RDFN UW Equity,Financials,0,0,1,1,0,0,0,0,
RDI UR Equity,Communication Services,1,0,1,1,1,0,0,0,0.0
RDIB UR Equity,Communication Services,1,0,1,1,1,0,0,0,0.0
RDNT UQ Equity,Health Care,0,0,1,0,1,0,0,0,
RDUS UQ Equity,Health Care,1,0,1,1,1,1,0,1,
RDVT UR Equity,Industrials,1,0,1,1,0,0,0,0,0.0
REAL UW Equity,Consumer,1,0,1,1,1,1,0,1,0.0
REED UR Equity,Consumer,1,0,0,1,0,0,0,0,0.0
REFR UR Equity,Information Technology,1,0,1,1,0,0,0,0,
REG UW Equity,Financials,0,0,0,0,0,0,0,0,
REGI UW Equity,Utilities,0,0,1,1,1,1,0,0,0.0
REGN UW Equity,Health Care,1,0,1,1,1,1,0,1,0.0
RELL UW Equity,Information Technology,1,0,1,1,1,0,0,0,0.0
RENT UW Equity,Consumer,0,0,0,0,0,0,0,0,
REPH UR Equity,Health Care,1,0,0,1,1,0,0,0,0.0
REPL UW Equity,Health Care,0,0,0,0,0,0,0,0,
RETA UQ Equity,Health Care,1,0,1,1,0,0,0,0,0.0
REYN UW Equity,Consumer,0,0,0,0,0,0,0,0,
RFIL UQ Equity,Information Technology,1,0,1,1,1,0,0,0,
RGC UR Equity,Health Care,0,0,0,0,0,0,0,0,
RGCO UQ Equity,Utilities,0,0,1,1,1,0,0,0,17.0
RGEN UW Equity,Health Care,1,0,1,1,1,1,0,1,7.0
RGLD UW Equity,Utilities,1,0,1,1,1,0,0,0,0.0
RGLS UR Equity,Health Care,1,0,1,1,0,0,0,0,0.0
RGNX UW Equity,Health Care,1,0,1,1,1,1,0,1,0.0
RGP UW Equity,Industrials,1,0,1,1,1,0,0,0,0.0
RICK UQ Equity,Consumer,0,0,0,0,0,0,0,0,0.0
RIGL UW Equity,Health Care,1,0,1,1,0,0,0,0,0.0
RILY UQ Equity,Financials,0,0,1,1,1,0,0,0,
RMBI UR Equity,Financials,0,0,0,1,0,0,0,0,0.0
RMBS UW Equity,Information Technology,1,0,1,1,1,0,0,0,0.0
RMCF UQ Equity,Consumer,0,0,1,1,0,0,0,0,0.0
RMNI UQ Equity,Information Technology,1,0,1,1,1,1,0,1,
RMR UR Equity,Financials,0,0,0,0,0,0,0,0,
RMTI UR Equity,Health Care,1,0,1,1,0,0,0,0,0.0
RNST UW Equity,Financials,1,1,1,1,0,0,0,0,
RNWK UW Equity,Information Technology,1,0,1,1,1,0,0,0,0.0
ROAD UW Equity,Industrials,0,0,1,1,0,0,0,0,0.0
ROCC UW Equity,Utilities,1,0,1,1,1,0,0,0,
ROCK UW Equity,Industrials,1,0,1,1,1,1,0,1,
ROIC UW Equity,Financials,1,0,1,1,1,1,1,1,
ROKU UW Equity,Communication Services,1,0,1,1,0,0,0,0,
ROLL UW Equity,Industrials,1,0,1,1,1,0,0,0,
ROST UW Equity,Consumer,1,0,1,1,1,1,0,1,0.0
RPD UQ Equity,Information Technology,0,0,1,1,0,0,1,0,0.0
RPRX UW Equity,Health Care,0,0,0,0,0,0,0,0,
RRBI UW Equity,Financials,1,0,1,1,0,0,0,0,0.0
RRGB UW Equity,Consumer,1,0,1,1,1,0,0,0,0.0
RRR UW Equity,Consumer,1,0,1,1,1,1,0,1,0.0
RSLS UR Equity,Health Care,1,0,1,1,0,0,0,0,0.0
RSSS UR Equity,Information Technology,0,0,0,0,0,0,0,0,
RUBY UW Equity,Health Care,1,0,1,1,0,0,0,0,0.0
RUN UW Equity,Industrials,1,0,1,1,1,1,0,1,0.0
RUSHA UW Equity,Industrials,1,0,1,1,1,1,0,1,
RUSHB UW Equity,Industrials,1,0,1,1,1,1,0,1,
RUTH UW Equity,Consumer,1,0,1,1,1,0,0,0,0.0
RVNC UQ Equity,Health Care,1,0,1,1,1,0,0,0,0.0
RVSB UW Equity,Financials,1,0,1,1,0,0,0,0,0.0
RXDX UW Equity,Health Care,0,0,0,0,0,0,0,0,
RYAAY UW Equity,Industrials,1,0,1,1,1,1,0,1,
RYTM UQ Equity,Health Care,1,0,1,1,1,0,0,0,
SABR UW Equity,Information Technology,0,0,0,0,0,0,0,0,
SAFM UW Equity,Consumer,1,0,1,1,1,1,0,0,12.40999984741211
SAFT UW Equity,Financials,0,0,0,1,0,0,0,0,0.0
SAGE UQ Equity,Health Care,1,0,1,1,1,0,0,0,0.0
SAIA UW Equity,Industrials,1,0,1,1,1,1,0,1,0.0
SAL UR Equity,Financials,1,0,0,1,0,0,0,0,0.0
SALM UQ Equity,Communication Services,0,0,0,0,0,0,0,0,0.0
SAMG UQ Equity,Financials,1,0,1,1,0,0,0,0,0.0
SANG UW Equity,Information Technology,0,0,0,0,0,0,0,0,
SANM UW Equity,Information Technology,1,0,1,1,1,0,0,0,
SANW UR Equity,Consumer,0,0,0,0,0,0,0,0,
SASR UW Equity,Financials,1,0,1,1,0,0,0,0,
SATS UW Equity,Communication Services,0,0,0,0,0,0,0,0,
SAVA UR Equity,Health Care,0,0,1,1,0,0,0,0,0.0
SBAC UW Equity,Financials,1,1,1,1,1,1,0,1,11.0
SBCF UW Equity,Financials,1,0,1,1,1,0,0,0,0.0
SBFG UR Equity,Financials,0,0,0,0,0,0,0,0,
SBGI UW Equity,Communication Services,0,0,1,1,1,0,0,0,17.239999771118164
SBNY UW Equity,Financials,0,0,0,0,0,0,0,0,
SBRA UW Equity,Financials,0,0,1,1,0,0,0,0,0.0
SBSI UW Equity,Financials,0,0,0,0,0,0,0,0,0.0
SBT UR Equity,Financials,1,0,1,1,1,0,0,0,0.0
SBTX UQ Equity,Health Care,0,0,0,0,0,0,0,0,
SBUX UW Equity,Consumer,0,0,0,0,0,0,0,0,
SCHL UW Equity,Communication Services,1,0,1,1,1,0,0,0,
SCHN UW Equity,Utilities,1,0,1,1,1,1,0,1,23.0
SCOR UW Equity,Communication Services,1,0,1,1,1,0,0,0,0.0
SCSC UW Equity,Information Technology,1,0,1,1,1,1,0,1,
SCVL UW Equity,Consumer,1,0,1,1,1,0,0,0,0.0
SCWX UW Equity,Information Technology,1,0,1,1,1,1,1,0,0.0
SDGR UW Equity,Health Care,0,0,0,0,0,0,0,0,
SEAC UW Equity,Information Technology,1,0,1,1,1,0,0,0,0.0
SEDG UW Equity,Information Technology,1,0,1,1,1,1,0,1,0.0
SEED UR Equity,Consumer,0,0,0,0,0,0,0,0,
SEEL UR Equity,Health Care,0,0,1,1,0,0,0,0,0.0
SEIC UW Equity,Financials,1,0,1,1,1,0,0,0,0.0
SELB UQ Equity,Health Care,1,0,1,1,1,0,0,0,0.0
SENEA UW Equity,Consumer,0,0,1,1,1,0,0,0,25.450000762939453
SENEB UW Equity,Consumer,0,0,1,1,1,0,0,0,25.450000762939453
SFBC UR Equity,Financials,0,0,0,0,0,0,0,0,
SFIX UW Equity,Consumer,1,0,1,1,1,0,1,1,0.0
SFM UW Equity,Consumer,1,0,1,1,1,1,0,1,0.0
SFNC UW Equity,Financials,1,0,1,1,0,0,0,0,0.0
SFST UQ Equity,Financials,0,0,0,1,0,0,0,0,0.0
SGA UQ Equity,Communication Services,1,0,1,1,0,0,0,0,0.0
SGBX UR Equity,Industrials,0,0,0,0,0,0,0,0,
SGC UQ Equity,Consumer,1,0,1,1,1,1,0,1,
SGEN UW Equity,Health Care,1,0,1,1,1,0,0,0,
SGH UW Equity,Information Technology,0,0,0,0,0,0,0,0,
SGLY UR Equity,Industrials,0,0,0,0,0,0,0,0,
SGMA UR Equity,Information Technology,0,0,0,0,0,0,0,0,
SGMO UW Equity,Health Care,1,0,1,1,0,0,0,0,0.0
SGMS UW Equity,Consumer,1,0,1,1,1,0,0,0,
SGRP UR Equity,Communication Services,0,0,0,0,0,0,0,0,
SGRY UW Equity,Health Care,1,0,1,1,1,0,0,0,0.0
SHBI UW Equity,Financials,0,0,1,1,0,0,0,0,0.0
SHC UW Equity,Health Care,0,0,0,0,0,0,0,0,
SHEN UW Equity,Communication Services,0,0,1,1,1,0,0,0,
SHOO UW Equity,Consumer,1,0,1,1,1,1,1,1,0.0
SHYF UW Equity,Industrials,1,0,1,1,1,1,0,1,0.0
SIBN UQ Equity,Health Care,1,0,1,1,1,1,0,0,
SIEB UR Equity,Financials,0,0,0,1,0,0,0,0,0.0
SIEN UW Equity,Health Care,1,0,1,1,0,0,0,0,0.0
SIGA UQ Equity,Health Care,1,0,1,1,1,0,0,0,0.0
SIGI UW Equity,Financials,1,0,1,1,1,0,0,0,
SILC UW Equity,Information Technology,1,0,0,1,0,0,0,0,0.0
SILK UW Equity,Health Care,1,0,1,1,1,0,0,0,
SIMO UW Equity,Information Technology,0,0,0,1,0,0,1,0,0.0
SIOX UW Equity,Health Care,1,0,1,1,0,0,0,0,0.0
SIRI UW Equity,Communication Services,0,0,1,1,1,0,0,0,
SIVB UW Equity,Financials,0,0,0,0,0,0,0,0,
SKYW UW Equity,Industrials,0,0,1,1,1,0,1,0,90.5
SLAB UW Equity,Information Technology,0,0,0,0,0,0,0,0,
SLDB UW Equity,Health Care,0,0,1,1,0,0,0,0,
SLGN UW Equity,Utilities,0,0,0,0,1,0,0,0,
SLM UW Equity,Financials,1,0,1,1,1,0,0,0,0.0
SLNG UR Equity,Utilities,1,0,1,1,0,0,0,0,0.0
SLNH UR Equity,Information Technology,1,0,1,1,1,0,0,0,
SLP UW Equity,Health Care,0,0,0,0,0,0,0,0,
SLRX UR Equity,Health Care,1,0,0,1,1,0,0,0,0.0
SLS UR Equity,Health Care,1,0,1,1,0,0,0,0,
SMBC UQ Equity,Financials,1,0,1,1,1,0,0,0,0.0
SMBK UR Equity,Financials,1,0,1,1,1,0,0,0,0.0
SMCI UW Equity,Information Technology,1,0,1,1,1,0,0,1,0.0
SMED UR Equity,Health Care,0,0,0,1,0,0,0,0,
SMID UR Equity,Utilities,0,0,0,0,0,0,0,0,
SMLR UR Equity,Health Care,0,0,0,0,0,0,0,0,
SMMF UW Equity,Financials,1,0,1,1,0,0,0,0,
SMPL UR Equity,Consumer,0,0,1,1,0,0,0,0,0.0
SMSI UR Equity,Information Technology,0,0,1,1,0,0,0,0,0.0
SMTC UW Equity,Information Technology,1,0,1,1,1,1,1,1,
SNBR UW Equity,Consumer,1,0,1,1,1,1,0,1,
SNCR UW Equity,Information Technology,1,0,1,1,1,1,1,0,0.0
SND UW Equity,Utilities,0,0,1,1,1,0,0,0,12.279999732971191
SNDX UW Equity,Health Care,1,0,1,1,0,0,0,0,0.0
SNEX UW Equity,Financials,1,0,1,1,1,0,0,0,
SNFCA UQ Equity,Financials,1,0,0,1,1,0,0,0,
SNGX UR Equity,Health Care,0,0,0,0,0,0,0,0,
SNPS UW Equity,Information Technology,0,0,0,0,0,0,0,0,
SNY UW Equity,Health Care,1,1,1,1,1,1,0,1,
SOHO UQ Equity,Financials,1,0,1,1,1,0,0,0,
SOHU UW Equity,Communication Services,0,0,1,1,0,0,0,0,0.0
SONM UR Equity,Information Technology,1,0,1,1,0,0,0,0,0.0
SONO UW Equity,Consumer,1,0,1,1,1,0,1,1,0.0
SP UW Equity,Industrials,1,1,1,1,1,1,0,0,28.0
SPFI UW Equity,Financials,0,0,1,1,1,0,0,0,0.0
SPLK UW Equity,Information Technology,1,0,1,1,1,1,1,1,
SPNE UW Equity,Health Care,1,0,1,1,1,1,0,1,
SPNS UW Equity,Information Technology,1,0,1,1,1,1,1,0,0.0
SPOK UW Equity,Communication Services,1,0,1,1,1,0,0,0,0.0
SPPI UW Equity,Health Care,1,0,1,1,1,0,0,0,0.0
SPRO UW Equity,Health Care,1,0,1,1,0,0,0,0,0.0
SPSC UW Equity,Information Technology,1,0,1,1,1,0,0,0,0.0
SPTN UW Equity,Consumer,1,0,1,1,1,0,0,0,7.0
SPWH UW Equity,Consumer,1,0,1,1,1,0,0,0,0.0
SPWR UW Equity,Information Technology,1,0,1,1,1,1,0,1,0.0
SRAX UQ Equity,Information Technology,0,0,0,0,0,0,0,0,
SRCE UW Equity,Financials,1,0,1,1,0,0,0,0,
SRCL UW Equity,Industrials,1,0,1,1,1,0,0,0,14.0
SRDX UW Equity,Health Care,1,0,1,1,1,0,0,0,0.0
SREV UW Equity,Information Technology,1,0,1,1,1,0,0,0,0.0
SRGA UW Equity,Health Care,1,0,1,1,1,1,0,1,0.0
SRNE UR Equity,Health Care,1,0,1,1,0,0,0,0,0.0
SRPT UW Equity,Health Care,1,0,1,1,0,0,0,0,0.0
SRRK UW Equity,Health Care,0,0,1,1,0,0,0,0,0.0
SSB UW Equity,Financials,1,0,1,1,1,0,0,0,0.0
SSBI UQ Equity,Financials,1,0,1,1,0,0,0,0,0.0
SSKN UR Equity,Health Care,1,0,1,1,0,0,0,0,
SSNC UW Equity,Information Technology,1,0,1,1,1,0,0,0,0.0
SSP UW Equity,Communication Services,1,0,1,1,1,0,0,1,7.650000095367432
SSRM UW Equity,Utilities,1,0,1,1,1,1,0,0,38.0
SSTI UR Equity,Information Technology,1,0,1,1,0,0,0,0,
SSYS UW Equity,Information Technology,1,0,1,1,1,0,0,1,0.0
STAA UQ Equity,Health Care,1,0,1,1,1,1,0,1,
STAB UR Equity,Health Care,1,0,1,1,1,1,0,1,
STBA UW Equity,Financials,0,0,1,1,0,0,0,0,
STCN UR Equity,Information Technology,1,1,1,1,1,1,0,1,
STFC UW Equity,Financials,1,0,1,1,1,0,0,0,
STGW UW Equity,Communication Services,1,0,1,1,1,0,0,0,
STIM UQ Equity,Health Care,1,0,1,1,0,0,0,0,0.0
STKL UW Equity,Consumer,0,0,0,1,1,1,0,1,
STLD UW Equity,Utilities,0,0,0,0,0,0,0,0,
STNE UW Equity,Information Technology,1,0,1,1,1,1,0,1,
STOK UW Equity,Health Care,1,0,1,1,0,0,0,0,
STRA UW Equity,Consumer,1,0,1,1,0,1,0,0,
STRL UW Equity,Industrials,1,0,1,1,1,0,0,0,13.0
STRM UR Equity,Health Care,1,0,1,1,1,1,0,0,0.0
STRO UQ Equity,Health Care,1,0,1,1,0,0,0,0,0.0
STRR UQ Equity,Health Care,0,0,1,1,1,0,0,0,
STRS UW Equity,Financials,1,0,1,1,1,0,0,0,0.0
STRT UQ Equity,Consumer,1,0,1,1,0,1,0,1,5.400000095367432
STSA UQ Equity,Health Care,1,0,1,1,1,0,0,0,0.0
STX UW Equity,Information Technology,0,0,0,0,0,0,0,0,
STXB UW Equity,Financials,1,0,1,1,1,0,0,0,0.0
SUMR UR Equity,Consumer,1,0,1,1,0,0,0,0,
SUPN UQ Equity,Health Care,1,0,0,1,0,0,0,0,0.0
SVA UW Equity,Health Care,1,0,1,1,0,0,0,0,
SVC UW Equity,Financials,1,0,1,1,1,0,0,0,
SVRA UW Equity,Health Care,1,0,1,1,1,1,0,1,
SWAV UW Equity,Health Care,0,0,1,1,1,0,0,0,
SWBI UW Equity,Consumer,1,0,1,1,1,0,0,1,0.0
SWIR UW Equity,Information Technology,1,0,1,1,1,1,0,1,
SWKH UR Equity,Financials,1,0,1,1,0,0,0,0,0.0
SWKS UW Equity,Information Technology,1,0,1,1,1,1,0,1,45.70000076293945
SYBT UW Equity,Financials,0,0,0,0,0,0,0,0,0.0
SYBX UQ Equity,Health Care,1,0,1,1,0,0,0,0,0.0
SYNA UW Equity,Information Technology,1,0,1,1,1,1,0,1,
SYNH UW Equity,Health Care,1,0,1,1,1,1,1,1,
SYNL UQ Equity,Utilities,1,1,1,1,1,0,0,0,44.0
SYPR UQ Equity,Consumer,1,1,1,1,1,0,0,0,58.130001068115234
SYRS UW Equity,Health Care,1,0,1,1,0,0,0,0,0.0
TA UW Equity,Consumer,1,0,1,1,1,0,0,0,0.25
TACO UR Equity,Consumer,0,0,1,1,0,0,0,0,0.0
TACT UQ Equity,Information Technology,1,0,1,1,1,0,0,0,0.0
TAOP UR Equity,Information Technology,1,0,1,1,0,0,0,0,
TAST UW Equity,Consumer,1,0,1,1,0,0,0,0,0.0
TAYD UR Equity,Industrials,1,0,1,1,1,0,0,0,
TBBK UW Equity,Financials,1,0,1,1,1,0,0,0,0.0
TBK UW Equity,Financials,1,0,1,1,1,1,0,1,
TBNK UW Equity,Financials,1,0,1,1,0,0,0,0,0.0
TBPH UQ Equity,Health Care,1,0,1,1,1,0,0,0,
TCBI UW Equity,Financials,0,0,0,0,0,0,0,0,
TCBK UW Equity,Financials,1,0,1,1,0,0,0,0,0.0
TCDA UW Equity,Health Care,1,0,1,1,0,0,0,0,0.0
TCFC UR Equity,Financials,0,0,1,1,1,0,0,0,0.0
TCMD UQ Equity,Health Care,1,0,1,1,1,1,0,0,
TCOM UW Equity,Consumer,1,0,1,1,1,0,0,1,
TCRR UW Equity,Health Care,1,0,1,1,0,0,0,0,
TCX UR Equity,Information Technology,0,0,1,1,0,0,0,0,0.0
TEAM UW Equity,Information Technology,1,0,1,1,1,1,1,0,
TECH UW Equity,Health Care,0,0,0,0,0,0,0,0,
TENB UW Equity,Information Technology,1,0,1,1,0,0,0,0,
TENX UR Equity,Health Care,0,0,1,1,0,0,0,0,0.0
TER UW Equity,Information Technology,1,1,1,1,1,1,0,1,
TESS UW Equity,Information Technology,1,0,1,1,1,0,0,0,0.0
TFSL UW Equity,Financials,1,0,1,1,1,0,0,0,
TGA UR Equity,Utilities,1,0,1,1,1,1,0,0,
TGTX UR Equity,Health Care,1,0,1,1,1,0,0,0,0.0
TH UR Equity,Consumer,0,0,1,1,1,0,0,0,0.0
THFF UW Equity,Financials,1,0,1,1,0,0,0,0,
THRM UW Equity,Consumer,1,0,1,1,1,1,0,1,25.0
THRY UR Equity,Communication Services,0,0,0,0,0,0,0,0,
THTX UR Equity,Health Care,0,0,0,0,0,0,0,0,
TIGO UW Equity,Communication Services,1,0,1,1,1,1,0,1,17.0
TIGR UW Equity,Financials,0,0,0,0,0,0,0,0,
TILE UW Equity,Industrials,1,0,1,1,1,1,0,1,
TIPT UR Equity,Financials,0,0,1,1,1,1,0,0,
TITN UW Equity,Industrials,1,0,1,1,1,0,0,0,0.0
TLRY UW Equity,Health Care,1,0,1,1,1,1,0,0,0.0
TMDI UR Equity,Health Care,0,0,0,0,0,0,0,0,
TMDX UQ Equity,Health Care,1,0,1,1,1,0,0,0,
TMUS UW Equity,Communication Services,1,1,1,1,1,1,0,1,
TNDM UQ Equity,Health Care,1,0,1,1,1,0,1,0,0.0
TOWN UW Equity,Financials,1,0,1,1,1,0,0,0,0.0
TPIC UQ Equity,Industrials,1,1,1,1,1,1,0,1,
TPST UR Equity,Health Care,1,0,1,1,0,0,0,0,0.0
TPTX UW Equity,Health Care,0,0,0,0,0,0,0,0,
TREE UW Equity,Financials,1,0,1,1,0,0,0,0,0.0
TRHC UQ Equity,Health Care,1,0,1,1,0,0,0,0,0.0
TRIP UW Equity,Communication Services,1,0,1,1,1,1,1,0,
TRMB UW Equity,Information Technology,1,1,0,1,1,1,0,1,
TRMD UW Equity,Utilities,1,0,1,1,1,1,0,0,
TRMK UW Equity,Financials,1,0,1,1,1,0,0,0,0.0
TRNS UQ Equity,Industrials,0,0,1,1,0,0,0,0,0.0
TROO UR Equity,Information Technology,0,0,0,1,0,0,0,0,0.0
TROW UW Equity,Financials,1,0,1,1,1,0,1,0,0.0
TRS UW Equity,Utilities,1,1,1,1,1,1,1,1,14.0
TRST UW Equity,Financials,1,0,0,1,0,0,0,0,
TRUE UW Equity,Communication Services,1,0,1,1,1,0,0,0,0.0
TRUP UQ Equity,Financials,1,0,1,1,0,0,0,0,
TRVG UW Equity,Communication Services,0,0,0,0,0,0,0,0,
TRVN UR Equity,Health Care,1,0,1,1,1,0,0,0,0.0
TSAT UW Equity,Communication Services,0,0,0,0,0,0,0,0,
TSBK UQ Equity,Financials,0,0,0,0,0,0,0,0,
TSC UW Equity,Financials,1,0,1,1,0,0,0,0,0.0
TSCO UW Equity,Consumer,1,0,1,1,1,1,0,1,0.0
TSEM UW Equity,Information Technology,1,0,1,1,1,1,0,1,
TSLA UW Equity,Consumer,1,1,1,1,1,1,1,1,
TTD UQ Equity,Information Technology,0,0,1,1,1,0,0,0,
TTEC UW Equity,Information Technology,1,0,1,1,1,0,0,1,
TTEK UW Equity,Industrials,0,0,0,0,0,0,0,0,
TTGT UQ Equity,Communication Services,1,0,1,1,0,0,0,0,0.0
TTMI UW Equity,Information Technology,1,0,1,1,1,1,0,1,61.68000030517578
TTNP UR Equity,Health Care,1,0,1,1,0,0,0,0,
TTOO UQ Equity,Health Care,1,0,1,1,1,0,0,0,
TTSH UR Equity,Consumer,1,0,1,1,1,0,0,0,0.0
TTWO UW Equity,Communication Services,1,0,1,1,1,1,1,1,
TUEM UR Equity,Consumer,1,0,1,1,1,1,0,1,0.0
TUSK UW Equity,Utilities,1,0,1,1,1,1,0,0,0.0
TVTX UQ Equity,Health Care,1,0,1,1,1,0,0,0,
TVTY UW Equity,Health Care,1,0,1,1,1,0,0,0,
TW UW Equity,Financials,1,0,1,1,1,0,0,0,0.0
TWIN UW Equity,Industrials,1,0,1,1,0,0,0,0,
TWNK UR Equity,Consumer,1,0,1,1,1,0,0,0,41.0
TWOU UW Equity,Consumer,1,0,1,1,0,0,1,0,0.0
TWST UW Equity,Health Care,1,0,1,1,0,0,0,0,0.0
TXG UW Equity,Health Care,0,0,0,0,0,0,0,0,
TXMD UW Equity,Health Care,1,0,1,1,1,0,0,0,0.0
TXN UW Equity,Information Technology,1,0,1,1,1,1,1,1,
TXRH UW Equity,Consumer,1,0,1,1,1,0,0,1,0.0
TYME UR Equity,Health Care,1,0,1,1,1,0,0,0,0.0
TZOO UW Equity,Communication Services,1,0,1,1,1,0,0,0,0.0
UAL UW Equity,Industrials,1,0,1,1,1,1,0,1,85.0
UBCP UR Equity,Financials,1,0,1,1,0,0,0,0,
UBFO UW Equity,Financials,1,0,1,1,0,0,0,0,0.0
UBOH UQ Equity,Financials,1,0,1,1,0,0,0,0,
UBSI UW Equity,Financials,1,0,1,1,1,0,0,0,0.0
UCBI UW Equity,Financials,0,0,0,1,1,0,0,0,
UCTT UW Equity,Information Technology,1,0,1,1,1,0,0,0,0.0
UEIC UW Equity,Consumer,1,0,1,1,1,1,0,1,44.79999923706055
UFCS UW Equity,Financials,1,0,1,1,1,0,0,0,
UFPI UW Equity,Industrials,1,0,1,1,0,0,0,0,
UFPT UR Equity,Utilities,1,0,1,1,1,0,0,0,0.0
UG UQ Equity,Consumer,1,0,1,1,1,0,0,0,
UHAL UW Equity,Industrials,1,0,1,1,1,0,0,0,
UIHC UR Equity,Financials,1,0,1,1,0,0,0,0,0.0
ULBI UQ Equity,Industrials,1,0,1,1,1,0,0,0,0.0
ULH UW Equity,Industrials,0,0,1,1,0,0,0,0,
ULTA UW Equity,Consumer,1,0,1,1,1,0,0,0,0.0
UMBF UW Equity,Financials,1,0,1,1,0,0,0,0,
UMPQ UW Equity,Financials,1,0,1,1,1,0,0,0,0.0
UNAM UQ Equity,Financials,0,0,0,0,0,0,0,0,0.0
UNB UQ Equity,Financials,1,0,1,1,0,0,0,0,0.0
UNIT UW Equity,Financials,1,0,1,1,1,1,0,1,0.0
UNTY UQ Equity,Financials,0,0,1,1,0,0,0,0,0.0
UONE UR Equity,Communication Services,0,0,0,1,0,0,0,0,0.0
UONEK UR Equity,Communication Services,0,0,0,1,0,0,0,0,0.0
UPLD UQ Equity,Information Technology,1,0,1,1,1,0,0,0,0.0
UPST UW Equity,Financials,0,0,0,0,0,0,0,0,
UPWK UW Equity,Industrials,1,0,1,1,1,1,1,1,0.0
URBN UW Equity,Consumer,1,0,1,1,1,1,1,1,0.0
URGN UQ Equity,Health Care,1,0,1,1,1,0,0,0,0.0
USAK UW Equity,Industrials,1,0,1,1,1,0,0,0,0.0
USAP UW Equity,Utilities,1,0,1,1,0,0,0,0,75.97000122070312
USEG UR Equity,Utilities,1,0,1,1,0,0,0,0,
USLM UW Equity,Utilities,1,0,1,1,1,0,0,0,34.70000076293945
USWS UR Equity,Utilities,0,0,0,1,0,0,0,0,0.0
UTHR UW Equity,Health Care,1,0,1,1,1,0,0,0,0.0
UTMD UW Equity,Health Care,0,0,1,1,1,0,0,0,0.0
UTSI UW Equity,Information Technology,1,0,1,1,1,0,0,0,0.0
UVSP UW Equity,Financials,1,0,0,1,0,0,0,0,0.0
VABK UR Equity,Financials,0,0,0,1,0,0,0,0,0.0
VALN UW Equity,Health Care,1,0,0,1,1,1,0,1,96.0
VALU UR Equity,Financials,0,0,1,1,0,0,0,0,
VBFC UR Equity,Financials,0,0,0,0,0,0,0,0,
VBIV UR Equity,Health Care,1,0,1,1,1,0,0,0,0.0
VBNK UW Equity,Financials,0,0,0,0,0,0,0,0,
VBTX UQ Equity,Financials,1,0,1,1,1,0,0,0,0.0
VC UW Equity,Consumer,1,0,1,1,1,1,0,1,
VCEL UR Equity,Health Care,1,0,1,1,1,0,0,0,0.0
VCYT UQ Equity,Health Care,1,0,1,1,1,0,0,0,0.0
VECO UW Equity,Information Technology,1,0,1,1,1,1,0,1,0.0
VEON UW Equity,Communication Services,1,0,1,1,1,1,0,1,7.0
VERI UQ Equity,Information Technology,1,0,1,1,0,0,0,0,
VERU UR Equity,Consumer,1,0,1,1,0,0,0,0,0.0
VFF UR Equity,Consumer,1,0,1,1,1,0,0,0,0.0
VG UW Equity,Information Technology,1,0,1,1,1,0,1,0,0.0
VIA UW Equity,Utilities,1,0,1,1,1,0,0,0,0.0
VIACA UW Equity,Communication Services,1,0,1,1,1,0,0,0,
VIAV UW Equity,Information Technology,1,1,1,1,1,1,0,1,
VICR UW Equity,Industrials,1,0,1,1,1,0,0,0,0.0
VIEW UQ Equity,Industrials,0,0,0,0,0,0,0,0,
VIR UW Equity,Health Care,1,0,1,1,0,0,0,0,0.0
VIRC UQ Equity,Industrials,0,0,0,0,0,0,0,0,
VIRT UW Equity,Financials,1,0,1,1,1,0,1,0,0.0
VIRX UW Equity,Health Care,1,0,1,1,1,0,0,0,0.0
VISL UR Equity,Information Technology,0,0,0,0,0,0,0,0,
VIVO UW Equity,Health Care,0,0,1,1,1,0,0,0,
VKTX UR Equity,Health Care,1,0,1,1,0,0,0,0,0.0
VLGEA UW Equity,Consumer,0,0,0,0,0,0,0,0,89.0
VLY UW Equity,Financials,1,0,1,1,1,0,0,0,
VNDA UQ Equity,Health Care,1,0,1,1,1,0,0,0,0.0
VOD UW Equity,Communication Services,1,1,1,1,1,1,1,1,
VOXX UW Equity,Consumer,0,0,1,1,0,0,0,0,4.449999809265137
VRA UW Equity,Consumer,1,0,1,1,1,1,0,1,0.0
VRAY UQ Equity,Health Care,1,0,1,1,1,0,0,0,0.0
VRCA UQ Equity,Health Care,1,0,1,1,0,0,0,0,0.0
VRDN UR Equity,Health Care,1,1,1,1,0,1,0,0,0.0
VREX UW Equity,Health Care,0,0,0,0,0,0,0,0,
VRM UW Equity,Consumer,0,0,0,0,0,0,0,0,
VRNA UQ Equity,Health Care,0,0,0,0,0,0,0,0,
VRNS UW Equity,Information Technology,1,0,1,1,1,1,1,0,
VRNT UW Equity,Information Technology,1,0,1,1,1,1,0,1,
VRRM UR Equity,Information Technology,1,0,1,1,1,0,0,0,3.75
VRSK UW Equity,Industrials,1,0,1,1,1,1,1,1,0.0
VRSN UW Equity,Information Technology,1,0,1,1,1,0,0,0,0.0
VRTS UW Equity,Financials,0,0,1,1,1,0,0,0,0.0
VRTX UW Equity,Health Care,1,0,1,1,1,1,1,1,0.0
VSAT UW Equity,Information Technology,1,0,1,1,1,1,0,0,
VSEC UW Equity,Industrials,1,0,1,1,1,0,0,1,35.0
VSTM UQ Equity,Health Care,1,0,1,1,0,0,0,0,0.0
VTNR UR Equity,Utilities,0,0,1,1,1,0,0,0,
VTRS UW Equity,Health Care,1,1,1,1,1,1,0,1,
VTSI UR Equity,Industrials,0,0,0,0,0,0,0,0,
VTVT UR Equity,Health Care,1,0,1,1,1,0,0,0,0.0
VWE UQ Equity,Consumer,0,0,0,0,0,0,0,0,
VWTR UW Equity,Industrials,1,0,1,1,0,0,0,0,
VXRT UR Equity,Health Care,0,0,1,1,0,0,0,0,0.0
VYGR UW Equity,Health Care,0,0,0,1,0,0,0,0,0.0
VYNE UW Equity,Health Care,1,0,1,1,1,0,0,1,0.0
WABC UW Equity,Financials,0,0,0,1,0,0,0,0,0.0
WAFD UW Equity,Financials,0,0,0,0,0,0,0,0,
WASH UW Equity,Financials,1,0,1,1,1,0,0,0,
WATT UR Equity,Industrials,1,0,1,1,1,0,0,0,0.0
WAVD UR Equity,Information Technology,0,0,0,0,0,0,0,0,
WB UW Equity,Communication Services,0,0,0,0,0,0,0,0,
WBA UW Equity,Consumer,1,0,1,1,1,1,1,1,10.0
WDAY UW Equity,Information Technology,1,0,1,1,1,1,1,1,0.0
WDC UW Equity,Information Technology,1,0,1,1,1,1,1,1,
WDFC UW Equity,Consumer,0,0,0,0,0,0,0,0,
WEN UW Equity,Consumer,1,0,1,1,1,1,0,1,
WERN UW Equity,Industrials,1,0,1,1,1,0,0,0,0.0
WETF UW Equity,Financials,0,0,1,1,1,0,0,0,0.0
WEYS UW Equity,Consumer,1,0,1,1,0,0,0,1,
WFRD UW Equity,Utilities,1,0,1,1,1,1,1,1,17.0
WINA UQ Equity,Consumer,0,0,0,0,0,0,0,0,
WING UW Equity,Consumer,1,0,1,1,1,0,0,0,0.0
WINT UR Equity,Health Care,1,0,1,1,1,0,0,0,0.0
WIRE UW Equity,Industrials,1,0,1,1,1,0,0,0,0.0
WIX UW Equity,Information Technology,1,0,1,1,1,0,0,0,0.0
WKHS UR Equity,Consumer,0,0,0,0,0,0,0,0,0.0
WLDN UQ Equity,Industrials,1,0,1,1,1,1,0,0,
WLFC UQ Equity,Industrials,0,0,1,1,0,0,0,0,0.0
WMG UW Equity,Communication Services,0,0,0,0,0,0,0,0,
WMPN UR Equity,Financials,0,0,0,0,0,0,0,0,
WNEB UW Equity,Financials,0,0,0,1,1,0,0,0,
WOOF UW Equity,Consumer,0,0,0,0,0,0,0,0,
WPRT UW Equity,Industrials,1,0,1,1,1,1,0,1,68.0
WRAP UR Equity,Information Technology,0,0,0,1,0,0,0,0,
WRLD UW Equity,Financials,1,0,1,1,1,0,0,0,0.0
WSBC UW Equity,Financials,1,0,1,1,1,0,0,0,0.0
WSBF UW Equity,Financials,0,0,1,1,0,0,0,0,
WSC UR Equity,Industrials,1,0,1,1,1,1,0,0,2.0
WSFS UW Equity,Financials,0,0,1,1,0,0,0,0,0.0
WSTG UQ Equity,Information Technology,1,0,1,1,0,0,0,0,0.0
WTBA UW Equity,Financials,1,0,1,1,0,0,0,0,
WTFC UW Equity,Financials,1,0,1,1,0,0,0,0,
WTRH UW Equity,Consumer,1,0,1,1,1,0,0,0,0.0
WTW UW Equity,Financials,1,0,1,1,1,1,1,0,0.0
WVE UQ Equity,Health Care,1,0,1,1,1,0,0,0,0.0
WW UW Equity,Consumer,1,0,1,1,1,0,1,0,
WWD UW Equity,Industrials,0,0,0,0,0,0,0,0,
WYNN UW Equity,Consumer,1,1,1,1,1,0,0,0,20.0
XBIT UW Equity,Health Care,0,0,1,1,0,0,0,0,
XCUR UR Equity,Health Care,1,0,1,1,0,0,0,0,0.0
XEL UW Equity,Utilities,1,1,1,1,1,1,0,0,44.66999816894531
XENT UQ Equity,Health Care,1,0,1,1,1,0,0,0,
XERS UW Equity,Health Care,1,0,1,1,0,0,0,0,
XFOR UR Equity,Health Care,1,0,1,1,0,0,0,0,0.0
XGN UQ Equity,Health Care,0,0,1,1,1,0,0,0,0.0
XLNX UW Equity,Information Technology,1,0,1,1,1,1,1,1,0.0
XNCR UQ Equity,Health Care,1,0,1,1,0,0,0,0,0.0
XOMA UQ Equity,Health Care,1,0,1,1,1,0,0,0,
XPEL UR Equity,Consumer,0,0,0,0,0,0,0,0,
XPER UW Equity,Information Technology,1,0,1,1,1,0,0,0,0.0
XRAY UW Equity,Health Care,1,0,1,1,1,1,1,1,
XRTX UR Equity,Health Care,0,0,0,0,0,0,0,0,
XRX UW Equity,Information Technology,1,0,1,1,1,1,1,1,20.0
XSPA UR Equity,Consumer,0,0,0,0,0,0,0,0,
XXII UR Equity,Consumer,1,0,1,1,0,0,0,0,
YELL UW Equity,Industrials,1,0,1,1,1,1,0,1,79.0
YMAB UW Equity,Health Care,1,0,1,1,1,0,0,0,0.0
YMTX UR Equity,Health Care,1,0,1,1,0,0,0,0,0.0
YNDX UW Equity,Communication Services,1,0,1,1,1,1,0,1,0.0
YORW UW Equity,Utilities,1,0,1,1,1,1,0,0,33.0
YTEN UR Equity,Health Care,1,0,1,1,0,0,0,0,0.0
YY UW Equity,Communication Services,1,0,1,1,1,0,0,0,
Z UW Equity,Financials,0,0,1,1,1,1,0,1,0.0
ZBRA UW Equity,Information Technology,1,0,1,1,1,1,1,1,
ZD UW Equity,Communication Services,0,0,1,1,0,0,0,0,0.0
ZEAL UW Equity,Health Care,1,0,1,1,1,1,0,0,
ZEUS UW Equity,Utilities,1,0,1,1,1,1,0,1,
ZG UW Equity,Financials,0,0,1,1,1,1,0,1,0.0
ZGNX UQ Equity,Health Care,1,0,1,1,1,0,0,0,0.0
ZION UW Equity,Financials,0,0,0,0,0,0,0,0,
ZIOP UW Equity,Health Care,1,0,1,1,0,0,0,0,0.0
ZM UW Equity,Information Technology,1,0,1,1,0,1,1,0,0.0
ZNGA UW Equity,Communication Services,0,0,0,1,0,0,0,0,
ZNTL UQ Equity,Health Care,0,0,0,0,0,0,0,0,
ZS UW Equity,Information Technology,1,0,1,1,0,0,0,0,
ZUMZ UW Equity,Consumer,0,0,1,1,0,0,0,1,0.0
ZVO UW Equity,Consumer,1,0,1,1,1,0,0,0,
ZYNE UQ Equity,Health Care,1,0,1,1,1,0,0,0,0.0
ZYXI UW Equity,Health Care,1,0,1,1,1,0,0,0,
